gender,SeniorCitizen,Partner,Dependents,tenure,PhoneService,MultipleLines,InternetService,OnlineSecurity,OnlineBackup,DeviceProtection,TechSupport,StreamingTV,StreamingMovies,Contract,PaperlessBilling,PaymentMethod,MonthlyCharges,TotalCharges,Churn
Female,0,1,1,61,1,0.0,DSL,1.0,0.0,0.0,0.0,0.0,0.0,One year,1,Bank transfer (automatic),49.7,2961.4,0.0
Female,0,0,0,2,1,0.0,No,0.0,0.0,0.0,0.0,0.0,0.0,Month-to-month,0,Mailed check,20.3,41.2,0.0
Male,0,1,0,71,1,0.0,Fiber optic,0.0,1.0,1.0,1.0,1.0,1.0,Two year,1,Electronic check,105.25,7291.75,0.0
Female,0,1,0,64,1,0.0,Fiber optic,1.0,0.0,1.0,0.0,1.0,1.0,Two year,1,Bank transfer (automatic),99.0,6375.8,0.0
Female,0,0,0,23,1,0.0,Fiber optic,0.0,1.0,1.0,1.0,0.0,0.0,Month-to-month,0,Bank transfer (automatic),83.2,2032.3,0.0
Male,1,1,0,16,1,0.0,Fiber optic,0.0,0.0,0.0,0.0,0.0,0.0,Month-to-month,1,Bank transfer (automatic),71.8,1167.8,1.0
Male,0,1,1,68,1,0.0,Fiber optic,1.0,1.0,1.0,0.0,1.0,1.0,Two year,1,Credit card (automatic),103.25,7074.4,0.0
Male,1,0,0,25,1,1.0,Fiber optic,0.0,1.0,0.0,0.0,1.0,0.0,Month-to-month,1,Electronic check,88.95,2291.2,1.0
Male,0,0,0,8,1,1.0,Fiber optic,0.0,0.0,0.0,0.0,0.0,1.0,Month-to-month,1,Electronic check,86.55,649.65,1.0
Female,0,1,0,6,1,0.0,No,0.0,0.0,0.0,0.0,0.0,0.0,Month-to-month,0,Bank transfer (automatic),19.5,146.3,1.0
Male,0,1,1,47,1,0.0,Fiber optic,1.0,0.0,1.0,0.0,0.0,1.0,Month-to-month,0,Electronic check,90.05,4137.2,0.0
Male,0,0,0,25,1,0.0,No,0.0,0.0,0.0,0.0,0.0,0.0,Two year,1,Mailed check,20.75,499.4,0.0
Male,0,0,0,19,1,0.0,Fiber optic,0.0,0.0,0.0,0.0,1.0,0.0,Month-to-month,1,Bank transfer (automatic),78.7,1495.1,0.0
Male,1,1,0,68,0,0.0,DSL,1.0,1.0,1.0,0.0,0.0,0.0,Two year,1,Electronic check,41.95,2965.75,0.0
Male,0,1,1,72,1,1.0,DSL,1.0,1.0,1.0,1.0,1.0,1.0,Two year,1,Mailed check,89.4,6376.55,0.0
Female,0,1,1,71,0,0.0,DSL,1.0,1.0,0.0,1.0,1.0,1.0,Two year,0,Bank transfer (automatic),59.7,4122.65,0.0
Male,0,1,1,5,1,1.0,Fiber optic,0.0,1.0,0.0,0.0,0.0,0.0,Month-to-month,1,Electronic check,80.15,385.0,1.0
Male,1,1,0,69,1,1.0,Fiber optic,1.0,0.0,1.0,1.0,1.0,1.0,One year,1,Mailed check,110.55,7610.1,0.0
Male,0,0,0,20,1,0.0,Fiber optic,0.0,0.0,0.0,0.0,1.0,0.0,Month-to-month,0,Electronic check,78.8,1641.3,0.0
Female,1,1,0,1,1,0.0,Fiber optic,0.0,1.0,0.0,0.0,0.0,0.0,Month-to-month,1,Mailed check,76.4,76.4,1.0
Male,0,1,1,15,1,0.0,No,0.0,0.0,0.0,0.0,0.0,0.0,One year,1,Mailed check,19.5,239.75,0.0
Female,0,1,0,62,1,0.0,Fiber optic,1.0,0.0,1.0,1.0,1.0,1.0,One year,1,Electronic check,104.3,6613.65,0.0
Female,0,0,0,5,1,0.0,Fiber optic,0.0,0.0,0.0,0.0,1.0,0.0,Month-to-month,0,Electronic check,80.2,384.25,0.0
Female,0,1,0,25,1,1.0,DSL,0.0,1.0,0.0,0.0,0.0,0.0,Month-to-month,0,Electronic check,54.1,1373.0,0.0
Female,0,0,0,67,1,1.0,Fiber optic,1.0,1.0,1.0,0.0,1.0,0.0,Month-to-month,1,Credit card (automatic),102.95,6886.25,1.0
Female,0,0,1,48,0,0.0,DSL,0.0,1.0,1.0,0.0,0.0,1.0,Month-to-month,0,Credit card (automatic),45.55,2108.35,0.0
Male,0,1,1,61,1,1.0,DSL,0.0,0.0,1.0,1.0,1.0,1.0,Two year,1,Bank transfer (automatic),81.0,4976.15,0.0
Male,1,0,0,72,1,1.0,No,0.0,0.0,0.0,0.0,0.0,0.0,Two year,0,Bank transfer (automatic),25.4,1809.35,0.0
Female,0,0,0,10,1,1.0,Fiber optic,0.0,1.0,0.0,0.0,0.0,0.0,Month-to-month,1,Credit card (automatic),81.0,818.05,1.0
Male,0,1,1,72,1,1.0,Fiber optic,1.0,1.0,1.0,1.0,1.0,0.0,Two year,1,Credit card (automatic),106.1,7548.6,0.0
Male,0,1,1,29,1,1.0,Fiber optic,0.0,0.0,1.0,0.0,0.0,1.0,Month-to-month,1,Electronic check,89.2,2698.35,1.0
Male,0,0,0,2,1,0.0,No,0.0,0.0,0.0,0.0,0.0,0.0,Month-to-month,0,Mailed check,20.0,32.7,0.0
Male,0,1,1,20,1,0.0,Fiber optic,0.0,0.0,0.0,0.0,0.0,0.0,Month-to-month,1,Electronic check,70.45,1470.95,1.0
Female,0,1,1,1,1,0.0,No,0.0,0.0,0.0,0.0,0.0,0.0,Month-to-month,0,Mailed check,20.55,20.55,1.0
Female,0,0,0,24,1,1.0,Fiber optic,0.0,0.0,0.0,1.0,0.0,1.0,Month-to-month,1,Electronic check,89.55,2259.35,0.0
Female,0,0,0,15,1,0.0,Fiber optic,0.0,0.0,1.0,0.0,1.0,1.0,Month-to-month,1,Credit card (automatic),94.0,1505.45,0.0
Male,0,1,0,72,1,1.0,Fiber optic,0.0,1.0,1.0,1.0,1.0,1.0,Two year,1,Electronic check,108.4,7719.5,0.0
Female,0,0,1,34,1,0.0,Fiber optic,1.0,1.0,1.0,0.0,1.0,1.0,Month-to-month,1,Bank transfer (automatic),105.35,3688.6,0.0
Female,0,1,0,53,1,1.0,Fiber optic,0.0,1.0,1.0,1.0,1.0,1.0,One year,1,Bank transfer (automatic),108.95,5718.2,0.0
Female,0,1,0,64,1,1.0,Fiber optic,0.0,1.0,1.0,1.0,1.0,1.0,Month-to-month,1,Electronic check,111.15,6953.4,0.0
Male,0,1,1,59,1,1.0,Fiber optic,1.0,1.0,0.0,1.0,1.0,1.0,Two year,1,Mailed check,111.1,6555.2,0.0
Female,0,1,0,19,1,1.0,Fiber optic,0.0,1.0,0.0,0.0,0.0,1.0,Month-to-month,1,Electronic check,89.1,1620.8,0.0
Male,1,1,0,71,1,1.0,Fiber optic,1.0,1.0,1.0,0.0,1.0,1.0,Month-to-month,1,Electronic check,107.5,7713.55,0.0
Male,0,1,1,7,1,0.0,DSL,1.0,0.0,0.0,0.0,0.0,0.0,One year,1,Electronic check,49.75,331.3,1.0
Male,0,0,0,44,1,0.0,No,0.0,0.0,0.0,0.0,0.0,0.0,Two year,0,Mailed check,20.05,845.25,0.0
Female,0,1,0,64,0,0.0,DSL,1.0,0.0,1.0,1.0,0.0,1.0,Two year,0,Electronic check,47.85,3147.5,1.0
Female,1,0,0,2,1,0.0,Fiber optic,0.0,0.0,0.0,0.0,0.0,1.0,Month-to-month,1,Electronic check,79.6,195.05,1.0
Male,0,0,0,24,1,0.0,DSL,0.0,1.0,0.0,0.0,0.0,0.0,Month-to-month,1,Mailed check,49.7,1218.25,0.0
Female,0,0,1,11,0,0.0,DSL,0.0,0.0,0.0,0.0,0.0,0.0,Month-to-month,0,Electronic check,25.2,321.05,0.0
Male,0,0,0,1,1,0.0,No,0.0,0.0,0.0,0.0,0.0,0.0,Month-to-month,0,Mailed check,19.65,19.65,0.0
Male,0,0,0,43,0,0.0,DSL,1.0,0.0,1.0,0.0,0.0,0.0,One year,1,Credit card (automatic),35.2,1463.7,0.0
Male,0,1,1,65,1,1.0,DSL,1.0,1.0,1.0,0.0,0.0,1.0,One year,0,Credit card (automatic),72.45,4653.85,1.0
Male,0,0,0,25,1,0.0,No,0.0,0.0,0.0,0.0,0.0,0.0,Two year,1,Mailed check,20.75,499.4,0.0
Male,0,1,0,70,1,1.0,Fiber optic,1.0,1.0,1.0,1.0,1.0,1.0,One year,0,Credit card (automatic),115.65,7968.85,1.0
Male,1,1,0,40,1,1.0,Fiber optic,1.0,0.0,0.0,0.0,1.0,1.0,Month-to-month,0,Electronic check,101.85,4086.3,1.0
Female,0,0,0,13,1,0.0,No,0.0,0.0,0.0,0.0,0.0,0.0,Month-to-month,0,Credit card (automatic),19.45,232.1,0.0
Male,1,1,0,10,1,0.0,Fiber optic,0.0,1.0,1.0,1.0,1.0,0.0,Month-to-month,1,Mailed check,92.5,934.1,1.0
Male,0,0,0,1,1,0.0,Fiber optic,0.0,1.0,0.0,0.0,0.0,1.0,Month-to-month,1,Electronic check,85.0,85.0,0.0
Female,0,0,0,47,1,0.0,DSL,1.0,1.0,0.0,1.0,0.0,0.0,One year,1,Mailed check,58.9,2813.05,0.0
Female,1,0,0,22,1,1.0,Fiber optic,0.0,0.0,0.0,0.0,0.0,0.0,Month-to-month,1,Bank transfer (automatic),74.4,1692.6,1.0
Male,0,0,1,21,1,1.0,Fiber optic,1.0,0.0,0.0,0.0,0.0,0.0,Month-to-month,0,Electronic check,80.35,1747.2,0.0
Female,0,1,1,8,1,0.0,No,0.0,0.0,0.0,0.0,0.0,0.0,Two year,0,Mailed check,19.5,162.15,0.0
Male,0,1,1,50,0,0.0,DSL,1.0,0.0,0.0,0.0,1.0,0.0,Month-to-month,1,Credit card (automatic),39.45,2021.35,0.0
Female,0,1,1,71,1,1.0,DSL,1.0,1.0,1.0,1.0,0.0,0.0,Two year,0,Mailed check,71.1,5224.95,0.0
Female,0,0,0,19,1,1.0,No,0.0,0.0,0.0,0.0,0.0,0.0,Month-to-month,0,Bank transfer (automatic),24.7,465.85,0.0
Male,1,0,0,16,0,0.0,DSL,0.0,1.0,0.0,0.0,1.0,0.0,Month-to-month,1,Mailed check,39.0,679.85,1.0
Male,0,1,0,65,1,1.0,Fiber optic,1.0,1.0,1.0,0.0,1.0,0.0,Two year,1,Electronic check,99.35,6347.55,0.0
Female,0,0,0,13,1,0.0,No,0.0,0.0,0.0,0.0,0.0,0.0,Month-to-month,1,Mailed check,20.3,275.4,0.0
Female,0,1,1,58,1,1.0,DSL,1.0,0.0,1.0,1.0,1.0,0.0,Two year,0,Mailed check,75.8,4415.75,0.0
Female,0,1,1,36,1,1.0,Fiber optic,0.0,1.0,1.0,0.0,1.0,0.0,Month-to-month,1,Bank transfer (automatic),97.35,3457.9,1.0
Male,0,1,1,35,1,0.0,No,0.0,0.0,0.0,0.0,0.0,0.0,One year,0,Bank transfer (automatic),20.05,746.75,0.0
Female,0,0,0,25,1,0.0,No,0.0,0.0,0.0,0.0,0.0,0.0,Two year,0,Credit card (automatic),19.8,475.2,0.0
Male,0,1,0,5,1,1.0,Fiber optic,1.0,0.0,0.0,0.0,0.0,1.0,Month-to-month,1,Electronic check,89.15,413.25,0.0
Male,0,1,1,22,1,0.0,No,0.0,0.0,0.0,0.0,0.0,0.0,One year,0,Bank transfer (automatic),20.25,488.25,0.0
Male,1,1,0,3,1,1.0,Fiber optic,0.0,1.0,1.0,0.0,1.0,1.0,Month-to-month,1,Electronic check,105.9,334.65,1.0
Male,0,1,1,64,1,1.0,Fiber optic,0.0,0.0,1.0,0.0,0.0,1.0,One year,0,Credit card (automatic),90.25,5629.15,0.0
Male,0,1,1,71,1,1.0,DSL,1.0,0.0,0.0,0.0,1.0,0.0,One year,1,Electronic check,66.2,4692.55,0.0
Male,0,1,0,15,1,0.0,No,0.0,0.0,0.0,0.0,0.0,0.0,One year,0,Mailed check,18.8,294.95,0.0
Female,0,1,0,60,1,0.0,Fiber optic,1.0,0.0,0.0,1.0,1.0,1.0,Two year,1,Electronic check,97.2,5611.75,0.0
Male,0,0,0,8,1,0.0,DSL,0.0,1.0,0.0,1.0,1.0,0.0,Month-to-month,1,Electronic check,66.65,520.95,0.0
Male,0,1,1,68,1,1.0,Fiber optic,0.0,1.0,0.0,0.0,1.0,1.0,One year,1,Credit card (automatic),101.05,6770.5,0.0
Female,1,1,1,57,1,0.0,Fiber optic,0.0,1.0,1.0,1.0,1.0,0.0,Month-to-month,1,Credit card (automatic),95.3,5567.45,0.0
Female,1,0,0,6,1,1.0,Fiber optic,0.0,1.0,0.0,0.0,1.0,1.0,Month-to-month,1,Electronic check,98.25,560.6,1.0
Female,0,1,1,65,1,1.0,DSL,1.0,1.0,0.0,1.0,1.0,1.0,Two year,1,Bank transfer (automatic),82.5,5215.1,0.0
Male,0,0,0,52,1,0.0,DSL,1.0,0.0,1.0,0.0,0.0,0.0,One year,0,Electronic check,53.75,2790.65,0.0
Male,1,0,0,63,1,1.0,Fiber optic,1.0,1.0,1.0,0.0,1.0,1.0,Month-to-month,1,Bank transfer (automatic),109.4,7031.45,0.0
Male,1,1,0,43,1,0.0,Fiber optic,0.0,1.0,1.0,0.0,1.0,1.0,One year,1,Bank transfer (automatic),100.55,4304.0,0.0
Female,0,1,1,40,1,0.0,DSL,1.0,1.0,0.0,1.0,0.0,1.0,Month-to-month,1,Mailed check,71.35,2847.2,0.0
Female,0,0,0,40,1,1.0,Fiber optic,0.0,0.0,1.0,1.0,1.0,1.0,One year,1,Credit card (automatic),105.95,4335.2,0.0
Male,0,1,1,43,0,0.0,DSL,0.0,1.0,0.0,0.0,0.0,0.0,Month-to-month,0,Credit card (automatic),29.3,1224.05,0.0
Male,0,0,0,7,1,1.0,Fiber optic,0.0,0.0,0.0,0.0,0.0,1.0,Month-to-month,1,Electronic check,86.8,620.35,1.0
Male,1,1,0,62,1,1.0,Fiber optic,1.0,1.0,1.0,0.0,0.0,0.0,Month-to-month,1,Electronic check,89.1,5618.3,0.0
Male,0,0,0,43,1,0.0,Fiber optic,1.0,1.0,1.0,1.0,0.0,0.0,One year,1,Credit card (automatic),90.65,3882.3,0.0
Female,0,1,1,1,1,0.0,No,0.0,0.0,0.0,0.0,0.0,0.0,Month-to-month,0,Electronic check,19.25,19.25,0.0
Male,0,0,0,35,1,0.0,No,0.0,0.0,0.0,0.0,0.0,0.0,Two year,0,Mailed check,19.25,677.9,0.0
Female,0,1,1,69,1,1.0,Fiber optic,0.0,1.0,1.0,1.0,1.0,1.0,One year,1,Bank transfer (automatic),108.75,7493.05,0.0
Male,1,1,0,62,1,1.0,Fiber optic,1.0,1.0,1.0,0.0,0.0,0.0,Month-to-month,1,Electronic check,89.1,5618.3,0.0
Male,0,0,0,4,1,1.0,Fiber optic,0.0,0.0,0.0,0.0,0.0,0.0,Month-to-month,1,Electronic check,74.35,265.35,1.0
Female,0,1,1,65,1,1.0,No,0.0,0.0,0.0,0.0,0.0,0.0,Two year,1,Bank transfer (automatic),25.3,1748.55,0.0
Female,0,0,0,13,1,0.0,Fiber optic,0.0,0.0,0.0,0.0,0.0,0.0,Month-to-month,1,Mailed check,70.15,886.7,0.0
Male,0,1,0,32,1,1.0,Fiber optic,0.0,0.0,1.0,0.0,0.0,0.0,Month-to-month,1,Electronic check,78.9,2447.95,1.0
Female,0,0,1,19,1,0.0,No,0.0,0.0,0.0,0.0,0.0,0.0,Two year,0,Mailed check,20.5,398.55,0.0
Male,0,1,1,50,1,0.0,No,0.0,0.0,0.0,0.0,0.0,0.0,One year,1,Mailed check,20.35,938.95,0.0
Male,0,1,0,62,1,1.0,Fiber optic,1.0,1.0,0.0,0.0,0.0,1.0,One year,0,Electronic check,96.1,6001.45,0.0
Male,0,1,1,14,1,0.0,No,0.0,0.0,0.0,0.0,0.0,0.0,One year,0,Mailed check,19.75,309.35,0.0
Female,0,0,0,13,0,0.0,DSL,0.0,1.0,0.0,0.0,0.0,0.0,Month-to-month,1,Electronic check,31.05,347.25,1.0
Male,0,1,0,15,1,0.0,No,0.0,0.0,0.0,0.0,0.0,0.0,One year,0,Mailed check,18.8,294.95,0.0
Male,0,1,0,14,1,0.0,DSL,0.0,0.0,0.0,0.0,0.0,0.0,One year,0,Electronic check,44.6,641.25,0.0
Male,0,0,0,69,1,1.0,Fiber optic,0.0,1.0,0.0,1.0,1.0,1.0,One year,1,Bank transfer (automatic),104.7,7220.35,1.0
Female,0,0,0,10,1,0.0,DSL,0.0,1.0,0.0,1.0,0.0,1.0,One year,0,Mailed check,64.9,685.55,0.0
Female,0,1,1,49,1,0.0,DSL,0.0,1.0,1.0,0.0,1.0,1.0,One year,0,Credit card (automatic),78.0,3824.2,0.0
Male,1,0,0,46,1,0.0,Fiber optic,1.0,0.0,0.0,0.0,0.0,1.0,Month-to-month,0,Electronic check,85.0,3969.4,1.0
Male,0,1,1,59,1,0.0,DSL,0.0,1.0,1.0,1.0,1.0,1.0,One year,0,Credit card (automatic),76.75,4541.9,0.0
Male,0,0,0,1,1,0.0,No,0.0,0.0,0.0,0.0,0.0,0.0,Month-to-month,0,Mailed check,19.1,19.1,0.0
Female,0,0,0,6,1,0.0,Fiber optic,0.0,0.0,0.0,0.0,1.0,1.0,Month-to-month,0,Electronic check,89.3,577.6,1.0
Female,0,1,1,28,1,0.0,Fiber optic,1.0,0.0,0.0,0.0,0.0,1.0,One year,1,Bank transfer (automatic),82.85,2320.8,0.0
Female,0,1,0,48,1,1.0,DSL,1.0,0.0,0.0,1.0,0.0,0.0,One year,1,Bank transfer (automatic),60.6,2985.25,0.0
Female,0,0,0,1,1,0.0,Fiber optic,0.0,0.0,0.0,0.0,0.0,0.0,Month-to-month,0,Mailed check,70.75,70.75,1.0
Female,0,1,1,18,1,0.0,DSL,0.0,0.0,0.0,0.0,1.0,0.0,Month-to-month,0,Mailed check,55.95,1082.8,0.0
Female,0,0,1,44,1,1.0,DSL,0.0,1.0,0.0,0.0,1.0,1.0,One year,1,Mailed check,77.55,3471.1,0.0
Male,0,0,0,2,1,1.0,DSL,0.0,0.0,0.0,0.0,0.0,1.0,Month-to-month,0,Bank transfer (automatic),62.05,118.3,1.0
Female,0,0,0,45,1,1.0,Fiber optic,1.0,1.0,0.0,0.0,0.0,1.0,One year,0,Bank transfer (automatic),96.75,4442.75,0.0
Female,0,0,0,25,0,0.0,DSL,0.0,0.0,1.0,0.0,1.0,1.0,Month-to-month,1,Electronic check,48.25,1293.8,0.0
Female,0,0,0,55,1,0.0,DSL,1.0,0.0,0.0,0.0,0.0,0.0,Month-to-month,1,Credit card (automatic),50.55,2832.75,0.0
Male,0,1,1,21,1,1.0,DSL,1.0,0.0,0.0,0.0,1.0,1.0,One year,1,Bank transfer (automatic),75.9,1549.75,0.0
Male,0,1,1,72,1,1.0,Fiber optic,1.0,1.0,1.0,1.0,1.0,0.0,Two year,1,Credit card (automatic),106.1,7548.6,0.0
Female,0,1,1,72,1,0.0,DSL,1.0,0.0,1.0,1.0,1.0,1.0,Two year,1,Bank transfer (automatic),80.45,5886.85,0.0
Male,0,0,0,1,1,0.0,DSL,0.0,0.0,0.0,0.0,0.0,1.0,Month-to-month,1,Mailed check,55.7,55.7,1.0
Female,0,0,0,8,1,1.0,Fiber optic,0.0,0.0,0.0,0.0,0.0,0.0,Month-to-month,1,Electronic check,73.5,632.2,0.0
Female,0,0,0,1,1,0.0,DSL,0.0,0.0,0.0,0.0,0.0,0.0,Month-to-month,0,Mailed check,43.95,43.95,1.0
Male,0,1,1,64,1,1.0,Fiber optic,0.0,0.0,1.0,0.0,0.0,1.0,One year,0,Credit card (automatic),90.25,5629.15,0.0
Male,1,0,0,57,1,1.0,DSL,0.0,1.0,1.0,0.0,1.0,1.0,Two year,1,Bank transfer (automatic),79.75,4438.2,0.0
Female,1,1,0,13,0,0.0,DSL,0.0,0.0,0.0,0.0,1.0,1.0,Month-to-month,0,Electronic check,45.3,528.45,0.0
Female,0,0,0,1,1,0.0,Fiber optic,0.0,0.0,1.0,0.0,0.0,0.0,Month-to-month,0,Electronic check,75.3,75.3,1.0
Male,1,1,0,43,1,1.0,Fiber optic,0.0,1.0,1.0,0.0,1.0,1.0,Month-to-month,1,Electronic check,103.0,4414.3,1.0
Female,0,0,1,48,0,0.0,DSL,0.0,1.0,1.0,0.0,0.0,1.0,Month-to-month,0,Credit card (automatic),45.55,2108.35,0.0
Female,0,0,0,15,1,0.0,DSL,0.0,0.0,0.0,0.0,1.0,0.0,One year,0,Mailed check,56.15,931.9,0.0
Female,1,1,0,50,1,1.0,Fiber optic,0.0,0.0,0.0,1.0,1.0,1.0,One year,1,Electronic check,100.65,5189.75,0.0
Female,0,0,0,69,1,0.0,DSL,1.0,0.0,1.0,1.0,1.0,1.0,Two year,1,Credit card (automatic),82.45,5555.3,0.0
Female,0,0,0,59,1,1.0,DSL,1.0,0.0,0.0,1.0,0.0,1.0,One year,0,Bank transfer (automatic),68.7,4070.95,0.0
Female,0,1,0,70,1,1.0,Fiber optic,0.0,1.0,1.0,1.0,1.0,1.0,One year,1,Electronic check,109.5,7674.55,1.0
Male,0,1,0,61,1,1.0,No,0.0,0.0,0.0,0.0,0.0,0.0,Two year,0,Bank transfer (automatic),25.45,1538.6,0.0
Female,0,0,0,71,1,1.0,Fiber optic,1.0,1.0,1.0,0.0,1.0,1.0,Two year,1,Credit card (automatic),106.75,7283.25,0.0
Female,0,0,0,6,1,0.0,No,0.0,0.0,0.0,0.0,0.0,0.0,Month-to-month,0,Credit card (automatic),19.7,129.55,0.0
Female,0,1,1,54,1,1.0,DSL,0.0,1.0,1.0,1.0,1.0,1.0,Month-to-month,1,Electronic check,86.2,4524.05,0.0
Male,0,1,0,35,1,0.0,DSL,1.0,1.0,1.0,0.0,0.0,0.0,Month-to-month,0,Mailed check,61.0,2130.45,0.0
Female,0,1,1,72,1,0.0,Fiber optic,1.0,1.0,1.0,1.0,1.0,1.0,Two year,1,Bank transfer (automatic),108.3,7679.65,0.0
Male,0,0,1,33,1,0.0,No,0.0,0.0,0.0,0.0,0.0,0.0,One year,1,Mailed check,20.15,682.15,0.0
Male,0,0,0,67,1,0.0,No,0.0,0.0,0.0,0.0,0.0,0.0,Two year,1,Mailed check,19.8,1311.3,0.0
Male,0,1,1,8,1,0.0,No,0.0,0.0,0.0,0.0,0.0,0.0,Two year,0,Mailed check,19.7,130.25,0.0
Male,0,1,1,72,1,1.0,DSL,1.0,1.0,1.0,1.0,1.0,1.0,Two year,1,Mailed check,89.4,6376.55,0.0
Male,0,0,0,1,1,0.0,Fiber optic,0.0,0.0,0.0,0.0,0.0,0.0,Month-to-month,0,Electronic check,70.4,70.4,1.0
Female,0,1,0,11,1,1.0,Fiber optic,0.0,0.0,0.0,0.0,1.0,1.0,Month-to-month,1,Electronic check,94.0,1078.9,1.0
Female,1,0,0,4,1,1.0,Fiber optic,0.0,0.0,1.0,0.0,0.0,1.0,Month-to-month,1,Electronic check,88.85,372.45,1.0
Male,0,0,0,45,1,0.0,No,0.0,0.0,0.0,0.0,0.0,0.0,One year,1,Electronic check,20.4,930.45,1.0
Female,1,0,0,1,0,0.0,DSL,0.0,0.0,0.0,0.0,1.0,0.0,Month-to-month,1,Electronic check,36.45,36.45,1.0
Male,1,1,0,47,1,1.0,Fiber optic,0.0,0.0,1.0,0.0,1.0,1.0,Month-to-month,1,Electronic check,100.05,4871.05,1.0
Female,0,1,0,71,1,0.0,DSL,0.0,1.0,1.0,1.0,1.0,1.0,Two year,1,Credit card (automatic),80.7,5705.05,0.0
Female,1,0,0,6,0,0.0,DSL,0.0,0.0,0.0,0.0,1.0,1.0,Month-to-month,1,Electronic check,44.4,263.05,0.0
Male,0,1,1,2,1,0.0,No,0.0,0.0,0.0,0.0,0.0,0.0,Month-to-month,0,Mailed check,20.3,40.25,0.0
Female,0,0,0,5,1,0.0,No,0.0,0.0,0.0,0.0,0.0,0.0,Month-to-month,0,Mailed check,19.95,109.6,0.0
Female,0,1,1,49,1,1.0,DSL,0.0,1.0,0.0,1.0,1.0,1.0,Two year,0,Bank transfer (automatic),79.3,3902.45,0.0
Male,0,0,1,71,1,0.0,DSL,1.0,1.0,1.0,1.0,1.0,0.0,Two year,1,Credit card (automatic),76.9,5522.7,0.0
Male,0,1,0,1,1,0.0,Fiber optic,0.0,0.0,1.0,0.0,0.0,0.0,Month-to-month,0,Electronic check,76.2,76.2,1.0
Male,1,1,0,54,1,1.0,Fiber optic,0.0,1.0,1.0,1.0,1.0,1.0,Two year,1,Electronic check,110.45,6077.75,0.0
Male,0,0,1,3,1,0.0,Fiber optic,0.0,0.0,0.0,0.0,0.0,0.0,Month-to-month,0,Electronic check,69.65,220.1,1.0
Female,0,1,1,11,1,0.0,DSL,1.0,0.0,0.0,0.0,0.0,0.0,Month-to-month,0,Bank transfer (automatic),51.0,581.7,0.0
Female,0,1,1,55,1,1.0,Fiber optic,1.0,1.0,0.0,0.0,0.0,0.0,Month-to-month,1,Electronic check,85.1,4600.95,0.0
Female,0,0,0,2,1,1.0,Fiber optic,0.0,0.0,0.0,0.0,0.0,0.0,Month-to-month,1,Mailed check,74.9,136.05,0.0
Female,0,0,0,39,0,0.0,DSL,0.0,0.0,1.0,0.0,1.0,1.0,Month-to-month,1,Credit card (automatic),50.65,1905.4,0.0
Female,1,1,1,11,1,1.0,Fiber optic,0.0,0.0,1.0,0.0,0.0,0.0,Month-to-month,1,Credit card (automatic),78.1,864.85,0.0
Female,0,1,1,38,1,0.0,DSL,1.0,1.0,0.0,0.0,0.0,0.0,Month-to-month,0,Electronic check,54.5,2076.05,0.0
Female,0,0,0,2,1,0.0,Fiber optic,0.0,0.0,0.0,0.0,0.0,0.0,Month-to-month,0,Bank transfer (automatic),70.0,153.05,1.0
Female,0,1,1,71,1,1.0,No,0.0,0.0,0.0,0.0,0.0,0.0,Two year,0,Credit card (automatic),23.9,1663.5,0.0
Female,0,1,0,59,1,0.0,Fiber optic,0.0,1.0,0.0,1.0,1.0,1.0,Two year,1,Mailed check,100.05,6034.85,0.0
Male,0,0,0,1,1,0.0,DSL,0.0,0.0,1.0,0.0,0.0,0.0,Month-to-month,1,Mailed check,49.65,49.65,1.0
Male,0,1,0,36,1,0.0,Fiber optic,1.0,0.0,0.0,0.0,1.0,1.0,Month-to-month,1,Electronic check,93.6,3366.05,0.0
Female,0,0,0,67,0,0.0,DSL,0.0,0.0,1.0,1.0,1.0,1.0,Month-to-month,1,Credit card (automatic),53.4,3579.15,0.0
Female,0,0,0,12,1,0.0,Fiber optic,0.0,0.0,1.0,0.0,1.0,1.0,Month-to-month,1,Electronic check,96.0,1062.1,1.0
Female,0,0,0,66,1,1.0,Fiber optic,0.0,0.0,1.0,0.0,1.0,0.0,One year,1,Bank transfer (automatic),92.15,6056.9,0.0
Male,0,1,0,52,1,0.0,Fiber optic,1.0,1.0,1.0,1.0,1.0,1.0,Two year,1,Electronic check,106.3,5487.0,0.0
Female,0,0,0,72,1,1.0,DSL,1.0,1.0,0.0,0.0,0.0,0.0,Two year,0,Bank transfer (automatic),59.75,4265.0,0.0
Female,1,1,0,66,1,1.0,Fiber optic,0.0,1.0,1.0,1.0,1.0,1.0,One year,1,Credit card (automatic),108.1,7181.95,0.0
Female,0,0,0,10,1,0.0,No,0.0,0.0,0.0,0.0,0.0,0.0,Month-to-month,1,Mailed check,19.9,199.45,0.0
Female,0,1,1,33,1,0.0,No,0.0,0.0,0.0,0.0,0.0,0.0,Two year,0,Credit card (automatic),19.8,641.35,0.0
Male,0,0,0,4,1,0.0,No,0.0,0.0,0.0,0.0,0.0,0.0,Month-to-month,1,Credit card (automatic),20.7,83.75,0.0
Female,0,0,0,1,1,0.0,No,0.0,0.0,0.0,0.0,0.0,0.0,Month-to-month,1,Mailed check,20.3,20.3,1.0
Female,0,1,1,38,1,0.0,No,0.0,0.0,0.0,0.0,0.0,0.0,One year,0,Credit card (automatic),19.6,763.1,0.0
Female,0,1,0,68,1,1.0,No,0.0,0.0,0.0,0.0,0.0,0.0,Two year,0,Credit card (automatic),25.8,1911.5,0.0
Male,0,0,0,54,1,1.0,Fiber optic,0.0,0.0,1.0,0.0,0.0,1.0,Month-to-month,0,Credit card (automatic),89.4,4869.5,0.0
Male,1,0,0,47,1,0.0,Fiber optic,1.0,0.0,0.0,0.0,0.0,1.0,Month-to-month,0,Mailed check,85.5,4042.3,1.0
Male,0,0,0,54,1,1.0,Fiber optic,0.0,1.0,0.0,0.0,0.0,0.0,Month-to-month,1,Bank transfer (automatic),79.85,4308.25,0.0
Male,0,0,0,3,1,0.0,DSL,0.0,1.0,0.0,0.0,0.0,0.0,Month-to-month,1,Mailed check,49.9,130.1,1.0
Female,0,1,1,37,1,0.0,DSL,1.0,1.0,0.0,0.0,1.0,1.0,One year,0,Bank transfer (automatic),75.1,2658.8,0.0
Female,0,1,1,16,1,1.0,Fiber optic,0.0,1.0,0.0,0.0,0.0,0.0,Month-to-month,1,Credit card (automatic),79.95,1267.95,0.0
Male,0,0,0,1,1,0.0,Fiber optic,0.0,0.0,0.0,0.0,0.0,0.0,Month-to-month,1,Mailed check,71.35,71.35,1.0
Female,0,1,0,44,1,1.0,Fiber optic,1.0,1.0,1.0,1.0,0.0,0.0,Month-to-month,1,Credit card (automatic),95.1,4060.55,0.0
Female,0,0,0,32,1,1.0,Fiber optic,0.0,0.0,1.0,0.0,1.0,1.0,Month-to-month,1,Electronic check,101.35,3334.9,0.0
Male,0,0,0,62,1,0.0,No,0.0,0.0,0.0,0.0,0.0,0.0,Two year,0,Bank transfer (automatic),19.85,1253.65,0.0
Male,0,0,0,57,1,0.0,No,0.0,0.0,0.0,0.0,0.0,0.0,Two year,0,Credit card (automatic),18.8,1094.35,0.0
Male,1,0,0,4,0,0.0,DSL,0.0,0.0,0.0,0.0,0.0,0.0,Month-to-month,1,Bank transfer (automatic),25.2,102.5,1.0
Female,0,1,1,72,1,0.0,Fiber optic,1.0,1.0,1.0,1.0,1.0,1.0,Two year,1,Bank transfer (automatic),108.3,7679.65,0.0
Male,0,0,0,35,1,1.0,Fiber optic,1.0,0.0,1.0,1.0,1.0,1.0,Two year,1,Electronic check,108.95,4025.5,0.0
Male,0,0,0,54,1,1.0,DSL,1.0,0.0,1.0,1.0,1.0,1.0,Two year,0,Bank transfer (automatic),87.1,4735.2,0.0
Male,0,1,0,71,1,0.0,DSL,1.0,0.0,1.0,1.0,1.0,1.0,Two year,1,Electronic check,82.55,5832.65,0.0
Female,0,0,0,63,1,1.0,No,0.0,0.0,0.0,0.0,0.0,0.0,Two year,0,Mailed check,24.2,1618.2,0.0
Female,0,1,0,71,1,1.0,DSL,1.0,1.0,1.0,1.0,1.0,1.0,Two year,0,Credit card (automatic),89.3,6388.65,0.0
Female,0,0,0,18,1,1.0,Fiber optic,0.0,0.0,1.0,1.0,0.0,1.0,Month-to-month,1,Bank transfer (automatic),95.05,1679.4,0.0
Female,0,1,0,58,0,0.0,DSL,1.0,1.0,0.0,0.0,1.0,0.0,One year,1,Electronic check,45.35,2540.1,0.0
Female,0,0,1,3,1,0.0,DSL,1.0,0.0,0.0,1.0,0.0,0.0,Month-to-month,1,Mailed check,55.1,154.65,1.0
Male,0,0,0,16,1,0.0,Fiber optic,1.0,0.0,0.0,0.0,1.0,1.0,Month-to-month,1,Electronic check,94.25,1483.25,1.0
Male,0,1,1,71,1,1.0,Fiber optic,1.0,0.0,0.0,0.0,1.0,1.0,Two year,1,Electronic check,97.2,6910.3,0.0
Male,0,0,0,40,1,0.0,DSL,0.0,0.0,0.0,1.0,0.0,0.0,Month-to-month,1,Electronic check,51.1,2092.9,0.0
Male,0,1,1,31,1,0.0,DSL,0.0,0.0,1.0,1.0,0.0,0.0,Month-to-month,0,Mailed check,54.35,1647.0,0.0
Female,0,0,0,5,1,0.0,DSL,1.0,0.0,0.0,1.0,0.0,0.0,Month-to-month,0,Credit card (automatic),53.85,259.8,1.0
Male,0,1,1,41,1,0.0,No,0.0,0.0,0.0,0.0,0.0,0.0,Two year,1,Mailed check,20.0,879.8,0.0
Male,0,0,0,4,1,1.0,Fiber optic,0.0,0.0,0.0,0.0,0.0,0.0,Month-to-month,1,Bank transfer (automatic),72.2,305.55,1.0
Male,0,0,0,69,1,1.0,Fiber optic,0.0,1.0,0.0,1.0,1.0,1.0,One year,1,Bank transfer (automatic),104.7,7220.35,1.0
Male,0,1,1,68,1,1.0,Fiber optic,1.0,1.0,0.0,0.0,0.0,0.0,One year,1,Bank transfer (automatic),85.5,5696.6,0.0
Male,0,0,0,72,1,0.0,DSL,1.0,1.0,1.0,1.0,1.0,0.0,Two year,1,Bank transfer (automatic),75.1,5336.35,0.0
Female,0,1,1,35,1,0.0,No,0.0,0.0,0.0,0.0,0.0,0.0,Two year,0,Credit card (automatic),19.7,730.4,0.0
Female,1,0,0,1,1,0.0,Fiber optic,0.0,0.0,0.0,0.0,0.0,0.0,Month-to-month,1,Electronic check,69.65,69.65,1.0
Male,0,0,0,27,1,0.0,No,0.0,0.0,0.0,0.0,0.0,0.0,Month-to-month,1,Credit card (automatic),19.4,460.25,0.0
Female,0,0,0,3,1,0.0,DSL,0.0,0.0,0.0,0.0,0.0,0.0,Month-to-month,0,Mailed check,44.75,148.05,0.0
Female,1,0,0,26,1,1.0,Fiber optic,1.0,1.0,0.0,0.0,0.0,1.0,Month-to-month,1,Electronic check,95.0,2497.2,1.0
Male,0,1,0,51,1,1.0,DSL,0.0,0.0,0.0,1.0,1.0,1.0,Two year,1,Bank transfer (automatic),75.2,3901.25,0.0
Male,0,0,0,54,1,0.0,DSL,1.0,1.0,0.0,0.0,1.0,0.0,Two year,1,Bank transfer (automatic),65.3,3512.9,0.0
Female,0,1,0,70,1,1.0,Fiber optic,0.0,1.0,1.0,1.0,1.0,1.0,Two year,1,Electronic check,110.5,7752.05,0.0
Male,1,0,0,47,1,0.0,Fiber optic,1.0,0.0,0.0,0.0,0.0,1.0,Month-to-month,0,Mailed check,85.5,4042.3,1.0
Male,0,0,0,1,1,0.0,Fiber optic,0.0,0.0,0.0,0.0,0.0,0.0,Month-to-month,0,Electronic check,70.4,70.4,1.0
Male,0,0,0,1,1,0.0,Fiber optic,0.0,0.0,0.0,0.0,0.0,1.0,Month-to-month,0,Electronic check,80.5,80.5,1.0
Male,0,0,0,2,1,1.0,DSL,0.0,0.0,0.0,0.0,0.0,1.0,Month-to-month,0,Bank transfer (automatic),62.05,118.3,1.0
Female,1,0,0,8,1,1.0,Fiber optic,0.0,0.0,1.0,0.0,1.0,1.0,Month-to-month,0,Electronic check,101.35,780.5,1.0
Male,1,1,0,18,1,0.0,Fiber optic,0.0,0.0,0.0,0.0,0.0,1.0,Month-to-month,0,Electronic check,78.55,1422.65,1.0
Female,0,1,0,2,1,0.0,Fiber optic,0.0,0.0,0.0,0.0,0.0,0.0,Month-to-month,1,Credit card (automatic),70.4,154.8,0.0
Male,0,0,0,13,1,1.0,Fiber optic,0.0,0.0,0.0,1.0,1.0,1.0,Month-to-month,1,Mailed check,99.0,1301.7,1.0
Male,1,0,0,68,1,1.0,Fiber optic,0.0,1.0,1.0,0.0,0.0,1.0,Month-to-month,1,Electronic check,95.9,6503.2,0.0
Female,0,1,1,30,1,0.0,No,0.0,0.0,0.0,0.0,0.0,0.0,Two year,0,Mailed check,19.7,599.25,0.0
Male,0,0,0,6,1,0.0,DSL,1.0,1.0,0.0,0.0,0.0,0.0,Month-to-month,1,Bank transfer (automatic),55.7,335.65,0.0
Male,0,0,1,52,1,0.0,No,0.0,0.0,0.0,0.0,0.0,0.0,One year,0,Credit card (automatic),19.65,928.4,0.0
Female,0,0,0,56,0,0.0,DSL,0.0,0.0,0.0,0.0,1.0,1.0,Month-to-month,1,Credit card (automatic),44.85,2564.95,0.0
Male,1,1,0,13,1,0.0,Fiber optic,0.0,0.0,0.0,0.0,0.0,0.0,Month-to-month,0,Bank transfer (automatic),70.45,849.1,0.0
Male,0,0,0,24,1,0.0,DSL,1.0,0.0,0.0,0.0,0.0,0.0,Month-to-month,1,Electronic check,51.15,1275.7,0.0
Female,0,0,0,37,1,1.0,Fiber optic,0.0,0.0,0.0,1.0,1.0,1.0,Month-to-month,0,Credit card (automatic),100.3,3541.4,0.0
Female,0,0,0,10,1,1.0,Fiber optic,0.0,1.0,0.0,0.0,0.0,0.0,Month-to-month,1,Credit card (automatic),81.0,818.05,1.0
Male,0,1,0,61,1,1.0,No,0.0,0.0,0.0,0.0,0.0,0.0,Two year,0,Bank transfer (automatic),25.45,1538.6,0.0
Male,0,1,1,71,1,1.0,Fiber optic,0.0,1.0,0.0,0.0,1.0,1.0,One year,0,Bank transfer (automatic),100.55,7113.75,0.0
Male,1,0,0,47,1,0.0,Fiber optic,1.0,0.0,0.0,0.0,0.0,1.0,Month-to-month,0,Mailed check,85.5,4042.3,1.0
Male,0,1,0,72,1,1.0,No,0.0,0.0,0.0,0.0,0.0,0.0,Two year,0,Credit card (automatic),25.75,1864.2,0.0
Male,1,1,0,44,1,0.0,No,0.0,0.0,0.0,0.0,0.0,0.0,Two year,1,Credit card (automatic),19.35,847.25,0.0
Male,0,1,0,72,1,1.0,Fiber optic,0.0,1.0,1.0,1.0,1.0,1.0,Two year,1,Credit card (automatic),109.75,7758.9,0.0
Male,0,1,0,70,1,1.0,DSL,1.0,1.0,1.0,1.0,1.0,0.0,One year,0,Bank transfer (automatic),79.4,5528.9,0.0
Female,0,0,0,1,1,0.0,No,0.0,0.0,0.0,0.0,0.0,0.0,Month-to-month,0,Mailed check,19.65,19.65,0.0
Male,1,0,0,67,1,0.0,Fiber optic,1.0,1.0,0.0,1.0,1.0,1.0,Two year,1,Electronic check,105.05,7171.7,0.0
Male,0,0,0,4,1,0.0,No,0.0,0.0,0.0,0.0,0.0,0.0,Month-to-month,1,Electronic check,19.85,63.0,0.0
Male,0,1,0,72,1,1.0,DSL,1.0,1.0,1.0,1.0,0.0,0.0,Two year,0,Mailed check,68.15,4808.7,0.0
Male,1,1,0,45,1,1.0,Fiber optic,0.0,1.0,1.0,1.0,1.0,0.0,One year,1,Bank transfer (automatic),98.7,4525.8,0.0
Female,0,1,1,30,1,0.0,DSL,0.0,0.0,1.0,1.0,1.0,0.0,One year,1,Electronic check,64.5,1985.15,0.0
Male,1,1,0,51,1,1.0,Fiber optic,1.0,0.0,1.0,0.0,0.0,1.0,One year,1,Bank transfer (automatic),93.65,4839.15,0.0
Male,0,0,0,1,1,0.0,DSL,0.0,0.0,0.0,0.0,0.0,1.0,Month-to-month,1,Mailed check,55.7,55.7,1.0
Male,0,0,0,35,1,0.0,Fiber optic,0.0,1.0,1.0,0.0,1.0,1.0,One year,1,Bank transfer (automatic),102.35,3626.1,1.0
Female,0,0,1,10,1,1.0,DSL,1.0,0.0,1.0,1.0,0.0,1.0,One year,0,Credit card (automatic),73.55,693.3,0.0
Male,0,0,0,44,1,0.0,No,0.0,0.0,0.0,0.0,0.0,0.0,Two year,0,Mailed check,20.05,845.25,0.0
Female,0,0,0,42,1,0.0,DSL,1.0,1.0,1.0,1.0,0.0,1.0,One year,0,Credit card (automatic),73.9,3160.55,1.0
Male,0,1,1,53,1,0.0,DSL,1.0,1.0,0.0,1.0,1.0,0.0,Two year,1,Mailed check,69.7,3729.6,0.0
Female,0,1,0,46,1,0.0,DSL,0.0,1.0,0.0,0.0,1.0,1.0,Month-to-month,1,Credit card (automatic),69.1,3168.0,0.0
Female,0,1,1,72,1,1.0,DSL,1.0,1.0,1.0,1.0,0.0,0.0,Two year,1,Bank transfer (automatic),70.45,5165.7,0.0
Male,0,1,1,15,1,1.0,Fiber optic,0.0,0.0,0.0,0.0,0.0,0.0,Month-to-month,1,Bank transfer (automatic),74.9,1107.25,1.0
Female,0,1,0,3,1,1.0,Fiber optic,0.0,0.0,0.0,0.0,0.0,0.0,Month-to-month,1,Credit card (automatic),74.75,229.5,1.0
Male,1,0,0,66,1,1.0,Fiber optic,0.0,1.0,1.0,1.0,1.0,1.0,One year,0,Credit card (automatic),110.9,7432.05,1.0
Male,0,1,1,28,1,0.0,Fiber optic,0.0,1.0,1.0,0.0,1.0,1.0,One year,0,Bank transfer (automatic),100.35,2799.0,0.0
Male,0,0,0,58,1,1.0,Fiber optic,0.0,0.0,0.0,1.0,0.0,0.0,Month-to-month,0,Bank transfer (automatic),80.65,4807.35,0.0
Female,0,1,0,34,1,1.0,DSL,1.0,1.0,0.0,1.0,0.0,0.0,Month-to-month,0,Electronic check,62.65,2274.9,1.0
Male,0,0,0,66,1,0.0,No,0.0,0.0,0.0,0.0,0.0,0.0,Two year,0,Bank transfer (automatic),19.35,1240.8,0.0
Male,0,0,0,35,1,0.0,Fiber optic,1.0,0.0,0.0,1.0,0.0,1.0,One year,1,Electronic check,89.2,3251.3,0.0
Male,0,1,0,14,1,0.0,DSL,0.0,0.0,0.0,0.0,0.0,0.0,One year,0,Electronic check,44.6,641.25,0.0
Female,1,0,0,59,1,1.0,Fiber optic,0.0,0.0,1.0,0.0,1.0,1.0,One year,1,Electronic check,99.5,5890.0,0.0
Male,0,0,0,17,1,1.0,Fiber optic,1.0,1.0,1.0,1.0,1.0,0.0,Month-to-month,1,Bank transfer (automatic),106.65,1672.1,0.0
Male,0,0,0,52,1,1.0,Fiber optic,0.0,1.0,1.0,0.0,1.0,1.0,Month-to-month,1,Electronic check,103.05,5364.8,0.0
Male,0,0,0,33,1,1.0,Fiber optic,1.0,0.0,0.0,0.0,0.0,0.0,One year,0,Bank transfer (automatic),80.1,2603.3,0.0
Female,0,0,0,31,1,1.0,Fiber optic,0.0,0.0,1.0,0.0,0.0,1.0,Month-to-month,1,Electronic check,89.9,2806.9,1.0
Female,0,0,0,10,1,1.0,Fiber optic,0.0,0.0,1.0,0.0,1.0,1.0,Month-to-month,1,Electronic check,100.6,1060.2,1.0
Male,0,1,0,11,1,1.0,Fiber optic,0.0,1.0,0.0,0.0,0.0,0.0,Month-to-month,1,Bank transfer (automatic),80.5,896.9,1.0
Male,0,1,1,67,1,1.0,DSL,1.0,1.0,1.0,1.0,0.0,0.0,One year,1,Credit card (automatic),69.35,4653.25,0.0
Male,0,0,1,1,0,0.0,DSL,0.0,0.0,0.0,0.0,0.0,0.0,Month-to-month,1,Electronic check,24.7,24.7,0.0
Female,0,0,0,23,1,0.0,Fiber optic,0.0,1.0,1.0,1.0,0.0,0.0,Month-to-month,0,Bank transfer (automatic),83.2,2032.3,0.0
Male,1,1,0,24,1,1.0,Fiber optic,0.0,1.0,1.0,0.0,1.0,1.0,Month-to-month,1,Electronic check,104.25,2433.9,1.0
Male,0,1,0,19,1,1.0,Fiber optic,1.0,1.0,0.0,1.0,0.0,0.0,Month-to-month,1,Credit card (automatic),88.8,1672.35,0.0
Female,0,1,1,7,1,0.0,No,0.0,0.0,0.0,0.0,0.0,0.0,Month-to-month,0,Mailed check,20.45,150.75,0.0
Male,0,1,1,71,1,1.0,No,0.0,0.0,0.0,0.0,0.0,0.0,Two year,0,Credit card (automatic),23.9,1626.4,0.0
Female,0,0,0,19,1,1.0,No,0.0,0.0,0.0,0.0,0.0,0.0,Month-to-month,0,Bank transfer (automatic),24.7,465.85,0.0
Male,0,1,1,7,1,0.0,Fiber optic,0.0,0.0,0.0,0.0,0.0,0.0,Month-to-month,1,Bank transfer (automatic),69.95,529.5,1.0
Female,0,0,1,48,0,0.0,DSL,0.0,1.0,1.0,0.0,0.0,1.0,Month-to-month,0,Credit card (automatic),45.55,2108.35,0.0
Male,1,1,0,71,0,0.0,DSL,0.0,1.0,1.0,0.0,1.0,1.0,Month-to-month,1,Bank transfer (automatic),52.3,3765.05,0.0
Male,0,0,0,7,1,1.0,No,0.0,0.0,0.0,0.0,0.0,0.0,Month-to-month,0,Mailed check,23.5,173.0,0.0
Female,0,0,0,42,1,1.0,Fiber optic,1.0,0.0,1.0,0.0,1.0,1.0,Month-to-month,1,Electronic check,105.2,4400.75,1.0
Female,1,1,0,43,1,1.0,Fiber optic,0.0,0.0,1.0,1.0,1.0,1.0,One year,1,Electronic check,107.55,4533.9,1.0
Female,1,0,0,5,1,0.0,Fiber optic,0.0,0.0,1.0,0.0,1.0,0.0,Month-to-month,1,Mailed check,84.85,415.55,1.0
Female,0,1,1,23,1,1.0,Fiber optic,1.0,0.0,0.0,0.0,0.0,0.0,One year,0,Credit card (automatic),81.85,1810.85,0.0
Male,0,0,0,22,1,0.0,DSL,0.0,1.0,0.0,1.0,0.0,0.0,One year,1,Credit card (automatic),55.15,1193.05,1.0
Male,0,0,1,11,1,1.0,Fiber optic,0.0,0.0,0.0,0.0,0.0,1.0,Month-to-month,0,Electronic check,86.2,893.2,0.0
Female,1,1,1,34,1,1.0,Fiber optic,0.0,1.0,0.0,0.0,0.0,0.0,Month-to-month,1,Mailed check,79.6,2718.3,1.0
Male,1,1,0,72,0,0.0,DSL,1.0,1.0,1.0,1.0,1.0,1.0,Two year,1,Bank transfer (automatic),63.1,4685.55,0.0
Female,0,0,0,10,1,1.0,No,0.0,0.0,0.0,0.0,0.0,0.0,Month-to-month,1,Mailed check,24.5,270.15,0.0
Male,0,1,1,1,1,0.0,Fiber optic,0.0,0.0,0.0,0.0,0.0,0.0,Month-to-month,1,Mailed check,69.9,69.9,1.0
Male,0,1,0,64,1,1.0,DSL,0.0,1.0,0.0,1.0,0.0,1.0,One year,1,Mailed check,70.15,4480.7,0.0
Male,0,1,0,72,1,1.0,DSL,1.0,1.0,1.0,1.0,1.0,1.0,Two year,0,Credit card (automatic),92.3,6719.9,0.0
Female,0,0,0,37,1,0.0,DSL,0.0,0.0,0.0,0.0,1.0,1.0,Month-to-month,1,Electronic check,64.75,2345.2,1.0
Male,0,0,1,3,1,0.0,DSL,0.0,0.0,0.0,1.0,1.0,1.0,Month-to-month,0,Mailed check,70.7,225.65,0.0
Male,1,0,0,67,1,0.0,Fiber optic,1.0,1.0,0.0,1.0,1.0,1.0,Two year,1,Electronic check,105.05,7171.7,0.0
Male,0,1,1,59,1,0.0,No,0.0,0.0,0.0,0.0,0.0,0.0,Two year,0,Mailed check,19.5,1147.85,0.0
Female,0,0,0,1,1,0.0,No,0.0,0.0,0.0,0.0,0.0,0.0,Month-to-month,0,Mailed check,20.4,20.4,1.0
Male,0,0,0,1,1,0.0,No,0.0,0.0,0.0,0.0,0.0,0.0,Month-to-month,0,Mailed check,19.65,19.65,1.0
Male,0,0,0,1,1,0.0,Fiber optic,0.0,0.0,0.0,0.0,0.0,0.0,Month-to-month,1,Electronic check,69.65,69.65,1.0
Female,0,1,1,35,1,1.0,No,0.0,0.0,0.0,0.0,0.0,0.0,Two year,0,Bank transfer (automatic),24.3,821.6,0.0
Male,0,1,1,28,1,0.0,Fiber optic,0.0,1.0,1.0,0.0,1.0,1.0,One year,0,Bank transfer (automatic),100.35,2799.0,0.0
Female,0,0,0,68,1,0.0,DSL,1.0,0.0,1.0,0.0,0.0,0.0,One year,1,Credit card (automatic),54.45,3674.95,0.0
Male,0,1,0,5,1,0.0,No,0.0,0.0,0.0,0.0,0.0,0.0,Month-to-month,0,Mailed check,19.35,126.05,1.0
Male,1,0,0,6,1,0.0,Fiber optic,1.0,0.0,0.0,0.0,1.0,0.0,Month-to-month,1,Bank transfer (automatic),85.15,503.6,1.0
Female,0,1,1,59,1,0.0,No,0.0,0.0,0.0,0.0,0.0,0.0,Two year,0,Mailed check,20.6,1286.0,0.0
Female,0,0,1,12,1,0.0,DSL,0.0,0.0,0.0,0.0,0.0,0.0,Month-to-month,1,Electronic check,44.55,480.6,1.0
Female,1,0,0,64,1,0.0,DSL,1.0,1.0,0.0,1.0,1.0,0.0,Two year,1,Credit card (automatic),70.2,4481.0,1.0
Male,0,1,1,72,1,0.0,DSL,1.0,1.0,0.0,1.0,1.0,0.0,Two year,0,Bank transfer (automatic),68.4,4855.35,0.0
Female,0,1,0,51,1,1.0,Fiber optic,0.0,0.0,1.0,0.0,1.0,1.0,One year,1,Electronic check,98.85,4947.55,0.0
Male,0,0,0,1,1,0.0,No,0.0,0.0,0.0,0.0,0.0,0.0,Month-to-month,0,Mailed check,20.3,20.3,0.0
Male,1,0,0,35,1,0.0,DSL,0.0,0.0,1.0,1.0,1.0,1.0,One year,1,Electronic check,73.0,2471.25,0.0
Male,0,1,1,12,1,0.0,No,0.0,0.0,0.0,0.0,0.0,0.0,Month-to-month,1,Electronic check,21.15,306.05,0.0
Female,0,0,0,39,0,0.0,DSL,1.0,1.0,0.0,1.0,0.0,0.0,One year,1,Bank transfer (automatic),40.3,1630.4,0.0
Male,1,0,0,1,1,1.0,Fiber optic,0.0,0.0,0.0,0.0,0.0,0.0,Month-to-month,1,Electronic check,73.65,73.65,1.0
Male,0,0,0,25,1,0.0,No,0.0,0.0,0.0,0.0,0.0,0.0,Month-to-month,0,Mailed check,20.6,541.5,0.0
Male,0,0,1,3,1,0.0,No,0.0,0.0,0.0,0.0,0.0,0.0,Month-to-month,0,Bank transfer (automatic),20.2,50.6,0.0
Male,0,0,0,2,1,0.0,Fiber optic,0.0,0.0,1.0,0.0,1.0,1.0,Month-to-month,0,Electronic check,94.95,178.1,1.0
Female,0,0,0,9,1,0.0,Fiber optic,0.0,0.0,1.0,0.0,0.0,1.0,Month-to-month,1,Credit card (automatic),85.3,781.4,0.0
Female,0,0,0,50,1,0.0,No,0.0,0.0,0.0,0.0,0.0,0.0,One year,0,Bank transfer (automatic),19.75,989.05,0.0
Female,0,0,0,18,1,1.0,Fiber optic,0.0,0.0,0.0,1.0,1.0,1.0,Month-to-month,1,Bank transfer (automatic),99.85,1776.95,1.0
Male,0,0,0,10,1,1.0,Fiber optic,0.0,0.0,0.0,0.0,0.0,0.0,Month-to-month,0,Electronic check,75.05,786.3,0.0
Male,0,0,0,43,0,0.0,DSL,1.0,0.0,1.0,0.0,0.0,0.0,One year,1,Credit card (automatic),35.2,1463.7,0.0
Male,0,1,0,64,1,0.0,Fiber optic,1.0,0.0,0.0,0.0,0.0,0.0,Month-to-month,1,Mailed check,73.55,4764.0,0.0
Male,0,0,0,39,1,1.0,Fiber optic,1.0,1.0,0.0,0.0,1.0,1.0,Month-to-month,1,Electronic check,106.4,4040.65,0.0
Male,1,0,0,25,1,1.0,Fiber optic,0.0,1.0,0.0,0.0,1.0,0.0,Month-to-month,1,Electronic check,89.5,2196.15,1.0
Male,0,0,1,39,1,1.0,No,0.0,0.0,0.0,0.0,0.0,0.0,One year,0,Bank transfer (automatic),25.45,958.45,0.0
Male,1,1,0,13,1,0.0,Fiber optic,0.0,0.0,0.0,0.0,0.0,0.0,Month-to-month,0,Bank transfer (automatic),70.45,849.1,0.0
Male,0,0,0,58,1,1.0,Fiber optic,0.0,0.0,0.0,1.0,0.0,0.0,Month-to-month,0,Bank transfer (automatic),80.65,4807.35,0.0
Male,0,0,0,49,1,1.0,DSL,0.0,0.0,0.0,1.0,1.0,0.0,Two year,1,Bank transfer (automatic),66.15,3199.0,0.0
Male,1,0,0,50,1,1.0,DSL,1.0,1.0,0.0,0.0,1.0,0.0,Month-to-month,1,Bank transfer (automatic),70.35,3454.6,0.0
Female,1,1,0,20,1,1.0,Fiber optic,0.0,0.0,1.0,0.0,1.0,0.0,Month-to-month,0,Electronic check,90.8,1951.0,1.0
Female,0,1,1,33,1,1.0,No,0.0,0.0,0.0,0.0,0.0,0.0,One year,0,Credit card (automatic),24.15,800.3,0.0
Female,0,1,1,71,1,0.0,DSL,1.0,1.0,1.0,1.0,1.0,1.0,Two year,0,Credit card (automatic),87.25,6328.7,0.0
Male,1,1,0,3,1,1.0,Fiber optic,0.0,1.0,1.0,0.0,1.0,1.0,Month-to-month,1,Electronic check,105.9,334.65,1.0
Female,1,1,0,57,1,1.0,Fiber optic,0.0,1.0,1.0,0.0,0.0,1.0,Month-to-month,0,Credit card (automatic),94.0,5438.95,0.0
Female,0,1,1,54,1,1.0,DSL,0.0,1.0,1.0,1.0,1.0,1.0,Month-to-month,1,Electronic check,86.2,4524.05,0.0
Female,0,0,0,31,1,1.0,Fiber optic,0.0,0.0,1.0,0.0,0.0,1.0,Month-to-month,1,Electronic check,89.9,2806.9,1.0
Male,0,1,0,72,1,1.0,DSL,0.0,1.0,1.0,0.0,1.0,1.0,Two year,0,Bank transfer (automatic),82.15,5784.3,0.0
Female,0,1,1,46,1,0.0,No,0.0,0.0,0.0,0.0,0.0,0.0,Two year,0,Credit card (automatic),19.4,958.15,0.0
Male,0,1,1,69,1,1.0,Fiber optic,0.0,0.0,0.0,1.0,1.0,1.0,Two year,1,Electronic check,99.35,6856.45,0.0
Male,0,0,0,68,1,1.0,Fiber optic,1.0,1.0,1.0,0.0,1.0,0.0,One year,0,Bank transfer (automatic),101.35,7110.75,0.0
Female,0,1,1,56,1,1.0,DSL,1.0,1.0,0.0,0.0,0.0,1.0,One year,0,Bank transfer (automatic),68.75,3815.4,0.0
Male,0,0,0,10,1,0.0,Fiber optic,1.0,0.0,1.0,0.0,1.0,1.0,One year,1,Electronic check,98.9,1064.95,0.0
Female,0,0,0,12,1,0.0,Fiber optic,0.0,0.0,1.0,0.0,1.0,1.0,Month-to-month,1,Electronic check,96.0,1062.1,1.0
Female,1,1,1,66,1,1.0,Fiber optic,0.0,1.0,1.0,0.0,1.0,1.0,One year,1,Electronic check,104.9,6891.45,0.0
Male,1,0,0,16,1,0.0,Fiber optic,0.0,0.0,0.0,0.0,0.0,1.0,Month-to-month,1,Electronic check,78.75,1218.25,0.0
Male,1,1,1,64,1,1.0,No,0.0,0.0,0.0,0.0,0.0,0.0,Two year,1,Bank transfer (automatic),24.4,1548.65,0.0
Female,0,1,0,72,1,1.0,Fiber optic,0.0,1.0,1.0,1.0,1.0,1.0,Two year,1,Electronic check,110.15,7998.8,0.0
Male,0,1,1,29,1,1.0,DSL,1.0,0.0,0.0,1.0,1.0,0.0,One year,0,Bank transfer (automatic),69.05,1958.45,0.0
Female,1,1,0,13,0,0.0,DSL,0.0,0.0,0.0,0.0,1.0,1.0,Month-to-month,0,Electronic check,45.3,528.45,0.0
Female,1,0,0,35,1,0.0,Fiber optic,0.0,0.0,0.0,0.0,0.0,0.0,Month-to-month,0,Electronic check,70.55,2419.0,0.0
Male,0,1,0,5,1,0.0,Fiber optic,0.0,0.0,1.0,0.0,1.0,1.0,Month-to-month,1,Electronic check,94.45,498.1,1.0
Male,0,0,0,2,1,0.0,No,0.0,0.0,0.0,0.0,0.0,0.0,Month-to-month,0,Mailed check,19.75,39.3,0.0
Male,0,1,0,72,1,1.0,Fiber optic,1.0,1.0,0.0,1.0,1.0,1.0,Two year,1,Credit card (automatic),109.95,7852.4,0.0
Male,0,0,0,1,1,0.0,DSL,1.0,0.0,0.0,0.0,0.0,0.0,Month-to-month,0,Electronic check,49.75,49.75,0.0
Female,0,0,0,29,1,0.0,DSL,1.0,0.0,1.0,1.0,0.0,0.0,One year,0,Credit card (automatic),58.0,1734.5,0.0
Male,0,1,0,1,1,0.0,Fiber optic,0.0,0.0,0.0,0.0,0.0,0.0,Month-to-month,1,Electronic check,69.15,69.15,1.0
Male,1,1,0,71,0,0.0,DSL,0.0,1.0,1.0,0.0,1.0,1.0,Month-to-month,1,Bank transfer (automatic),52.3,3765.05,0.0
Male,1,0,0,55,1,1.0,Fiber optic,1.0,0.0,0.0,0.0,1.0,1.0,Month-to-month,1,Electronic check,98.8,5617.75,1.0
Male,0,1,0,10,1,0.0,DSL,1.0,0.0,0.0,1.0,0.0,0.0,Month-to-month,1,Credit card (automatic),54.95,568.85,0.0
Male,0,1,1,69,1,1.0,Fiber optic,1.0,1.0,1.0,1.0,1.0,1.0,Two year,1,Bank transfer (automatic),114.35,7665.8,0.0
Male,0,1,1,66,1,1.0,DSL,0.0,1.0,1.0,0.0,1.0,1.0,Two year,0,Bank transfer (automatic),79.85,5234.95,0.0
Male,0,0,0,59,1,1.0,No,0.0,0.0,0.0,0.0,0.0,0.0,Two year,0,Mailed check,25.0,1510.5,0.0
Male,0,1,1,58,1,1.0,Fiber optic,0.0,0.0,0.0,0.0,1.0,0.0,Two year,0,Bank transfer (automatic),82.5,4828.05,0.0
Female,0,1,1,67,1,0.0,DSL,0.0,1.0,0.0,0.0,0.0,0.0,One year,0,Credit card (automatic),50.55,3431.75,0.0
Male,0,0,0,3,1,1.0,Fiber optic,0.0,0.0,0.0,0.0,0.0,0.0,Month-to-month,0,Electronic check,74.5,217.45,0.0
Male,0,0,0,4,1,0.0,DSL,0.0,0.0,0.0,1.0,1.0,0.0,Month-to-month,1,Electronic check,61.3,249.4,0.0
Male,0,0,0,29,1,0.0,Fiber optic,0.0,1.0,0.0,1.0,1.0,0.0,Month-to-month,0,Mailed check,89.65,2623.65,0.0
Female,1,1,0,13,0,0.0,DSL,0.0,0.0,0.0,0.0,1.0,1.0,Month-to-month,0,Electronic check,45.3,528.45,0.0
Female,0,1,0,70,1,1.0,Fiber optic,0.0,0.0,1.0,1.0,1.0,1.0,Two year,1,Bank transfer (automatic),104.3,7188.5,0.0
Female,0,1,1,33,1,1.0,No,0.0,0.0,0.0,0.0,0.0,0.0,One year,0,Credit card (automatic),24.15,800.3,0.0
Male,0,1,1,70,1,1.0,Fiber optic,1.0,1.0,1.0,1.0,1.0,1.0,Two year,1,Credit card (automatic),116.55,8152.3,0.0
Male,0,1,1,56,1,0.0,Fiber optic,0.0,1.0,1.0,1.0,0.0,0.0,One year,1,Mailed check,85.85,4793.8,0.0
Male,0,0,0,9,1,0.0,DSL,0.0,0.0,0.0,0.0,0.0,0.0,Month-to-month,1,Mailed check,44.4,348.15,0.0
Female,0,1,1,72,1,0.0,DSL,1.0,1.0,1.0,1.0,0.0,1.0,Two year,1,Electronic check,74.35,5237.4,0.0
Male,0,1,1,71,1,0.0,Fiber optic,1.0,1.0,1.0,1.0,1.0,1.0,Two year,0,Credit card (automatic),109.3,7782.85,0.0
Male,1,1,0,27,1,1.0,Fiber optic,1.0,0.0,1.0,0.0,0.0,0.0,One year,1,Electronic check,85.9,2220.1,0.0
Male,0,0,0,3,1,0.0,DSL,0.0,0.0,1.0,0.0,0.0,0.0,Month-to-month,1,Electronic check,49.15,169.05,1.0
Female,1,1,0,62,1,0.0,DSL,1.0,0.0,1.0,1.0,1.0,1.0,Two year,1,Credit card (automatic),79.95,4819.75,0.0
Female,0,0,0,26,1,0.0,Fiber optic,1.0,0.0,1.0,1.0,0.0,0.0,One year,1,Credit card (automatic),87.15,2274.1,0.0
Female,0,1,1,17,1,0.0,DSL,1.0,0.0,0.0,1.0,0.0,0.0,Month-to-month,1,Credit card (automatic),55.35,920.5,0.0
Female,0,1,1,65,1,1.0,Fiber optic,0.0,1.0,1.0,1.0,1.0,1.0,Two year,1,Credit card (automatic),110.8,7245.9,0.0
Male,0,1,0,1,0,0.0,DSL,0.0,0.0,0.0,0.0,0.0,0.0,Month-to-month,1,Electronic check,23.45,23.45,1.0
Female,1,0,0,2,1,0.0,Fiber optic,0.0,0.0,0.0,0.0,0.0,0.0,Month-to-month,1,Electronic check,70.65,142.35,1.0
Male,0,1,1,28,1,0.0,Fiber optic,0.0,0.0,1.0,0.0,1.0,0.0,Month-to-month,0,Electronic check,85.45,2289.9,0.0
Male,0,1,0,18,1,1.0,Fiber optic,0.0,0.0,0.0,0.0,1.0,1.0,Month-to-month,1,Electronic check,94.75,1691.9,0.0
Male,0,0,0,1,1,0.0,No,0.0,0.0,0.0,0.0,0.0,0.0,Month-to-month,0,Mailed check,20.6,20.6,0.0
Male,0,0,0,28,1,0.0,Fiber optic,0.0,1.0,0.0,1.0,1.0,0.0,One year,1,Bank transfer (automatic),91.25,2483.65,0.0
Male,0,0,0,1,1,0.0,Fiber optic,0.0,0.0,0.0,0.0,1.0,1.0,Month-to-month,1,Electronic check,89.25,89.25,0.0
Male,0,1,1,44,0,0.0,DSL,1.0,1.0,1.0,1.0,0.0,1.0,Two year,1,Credit card (automatic),54.05,2375.2,0.0
Male,1,1,0,6,1,0.0,Fiber optic,0.0,1.0,0.0,0.0,0.0,1.0,Month-to-month,1,Electronic check,84.2,519.15,1.0
Male,0,0,0,4,1,0.0,No,0.0,0.0,0.0,0.0,0.0,0.0,Month-to-month,1,Mailed check,19.65,67.55,0.0
Female,0,0,0,30,1,1.0,Fiber optic,0.0,0.0,1.0,0.0,1.0,1.0,Month-to-month,0,Electronic check,100.45,3096.9,0.0
Female,1,1,0,72,1,1.0,Fiber optic,1.0,0.0,1.0,1.0,1.0,1.0,Two year,1,Mailed check,109.75,8075.35,0.0
Male,0,1,1,19,0,0.0,DSL,1.0,1.0,0.0,0.0,0.0,0.0,Month-to-month,1,Mailed check,34.95,610.2,0.0
Female,0,1,1,3,0,0.0,DSL,1.0,0.0,0.0,0.0,0.0,0.0,Month-to-month,0,Credit card (automatic),29.7,91.7,1.0
Male,0,0,1,49,1,1.0,Fiber optic,0.0,0.0,0.0,1.0,1.0,1.0,One year,1,Bank transfer (automatic),100.6,5069.65,1.0
Male,1,0,0,67,1,0.0,Fiber optic,1.0,1.0,0.0,1.0,1.0,1.0,Two year,1,Electronic check,105.05,7171.7,0.0
Female,0,1,1,14,1,0.0,DSL,1.0,1.0,0.0,1.0,0.0,0.0,Month-to-month,0,Bank transfer (automatic),59.45,780.85,0.0
Male,0,1,0,56,1,0.0,Fiber optic,0.0,0.0,0.0,0.0,1.0,1.0,Month-to-month,0,Mailed check,89.7,4952.95,0.0
Female,0,1,0,8,1,0.0,DSL,1.0,0.0,0.0,1.0,0.0,1.0,Two year,0,Mailed check,65.5,564.35,0.0
Male,0,1,1,44,1,0.0,DSL,0.0,1.0,1.0,1.0,0.0,0.0,Month-to-month,1,Mailed check,61.9,2924.05,0.0
Male,0,1,0,21,1,1.0,Fiber optic,0.0,0.0,1.0,1.0,1.0,1.0,Month-to-month,1,Electronic check,106.1,2249.95,1.0
Female,0,1,1,69,0,0.0,DSL,1.0,0.0,1.0,0.0,0.0,1.0,Two year,1,Credit card (automatic),43.95,2960.1,0.0
Female,0,1,1,70,1,0.0,No,0.0,0.0,0.0,0.0,0.0,0.0,Two year,0,Bank transfer (automatic),19.8,1378.75,0.0
Male,0,1,0,32,1,1.0,Fiber optic,0.0,0.0,1.0,0.0,0.0,0.0,Month-to-month,1,Electronic check,78.9,2447.95,1.0
Male,0,0,0,43,1,1.0,Fiber optic,0.0,1.0,0.0,0.0,1.0,1.0,Month-to-month,1,Electronic check,101.4,4528.0,1.0
Male,0,0,0,1,1,0.0,No,0.0,0.0,0.0,0.0,0.0,0.0,Month-to-month,0,Mailed check,20.5,20.5,1.0
Male,0,1,1,65,1,1.0,DSL,1.0,1.0,1.0,0.0,0.0,1.0,One year,0,Credit card (automatic),72.45,4653.85,1.0
Male,0,1,1,7,1,0.0,Fiber optic,0.0,1.0,0.0,1.0,1.0,0.0,Month-to-month,1,Electronic check,89.75,608.8,1.0
Female,0,0,0,6,1,0.0,DSL,0.0,0.0,0.0,1.0,0.0,0.0,Month-to-month,1,Bank transfer (automatic),49.65,267.35,1.0
Male,0,0,0,6,0,0.0,DSL,0.0,1.0,0.0,0.0,0.0,0.0,Month-to-month,1,Credit card (automatic),30.5,208.7,1.0
Male,0,0,0,17,1,1.0,Fiber optic,1.0,1.0,1.0,1.0,1.0,0.0,Month-to-month,1,Bank transfer (automatic),106.65,1672.1,0.0
Female,0,0,0,10,1,1.0,Fiber optic,0.0,0.0,0.0,0.0,0.0,0.0,Month-to-month,1,Electronic check,74.75,799.65,1.0
Female,0,0,0,35,1,1.0,Fiber optic,0.0,0.0,0.0,1.0,0.0,0.0,Month-to-month,0,Credit card (automatic),80.05,2835.9,0.0
Female,0,1,1,58,1,0.0,No,0.0,0.0,0.0,0.0,0.0,0.0,Two year,0,Credit card (automatic),19.55,1079.65,0.0
Male,0,0,1,70,1,1.0,Fiber optic,1.0,1.0,1.0,1.0,1.0,1.0,Two year,1,Electronic check,114.6,7882.5,0.0
Male,0,1,0,15,1,0.0,Fiber optic,0.0,0.0,0.0,0.0,0.0,0.0,Month-to-month,1,Bank transfer (automatic),68.6,1108.6,0.0
Male,1,1,0,51,1,1.0,Fiber optic,1.0,0.0,1.0,0.0,0.0,1.0,One year,1,Bank transfer (automatic),93.65,4839.15,0.0
Female,1,0,0,54,1,1.0,DSL,0.0,1.0,0.0,1.0,1.0,0.0,One year,0,Mailed check,72.1,3886.05,0.0
Male,1,0,0,19,1,0.0,Fiber optic,1.0,0.0,0.0,0.0,0.0,1.0,Month-to-month,1,Electronic check,87.3,1637.3,0.0
Male,0,1,1,4,1,0.0,DSL,0.0,0.0,0.0,0.0,0.0,0.0,Month-to-month,0,Electronic check,44.8,169.65,0.0
Female,0,1,1,55,1,1.0,Fiber optic,1.0,1.0,0.0,0.0,0.0,0.0,Month-to-month,1,Electronic check,85.1,4600.95,0.0
Male,1,1,0,29,1,1.0,Fiber optic,0.0,0.0,0.0,1.0,0.0,0.0,Month-to-month,1,Electronic check,79.3,2414.55,0.0
Female,0,0,0,29,1,1.0,Fiber optic,0.0,0.0,0.0,0.0,0.0,0.0,Month-to-month,1,Electronic check,74.2,1993.25,0.0
Male,1,1,0,21,1,0.0,Fiber optic,0.0,0.0,1.0,0.0,1.0,0.0,Month-to-month,0,Bank transfer (automatic),86.55,1857.25,0.0
Male,0,1,1,64,1,1.0,Fiber optic,0.0,0.0,1.0,0.0,0.0,1.0,One year,0,Credit card (automatic),90.25,5629.15,0.0
Female,0,1,1,71,1,0.0,DSL,1.0,0.0,1.0,0.0,1.0,1.0,Two year,0,Credit card (automatic),77.55,5574.35,0.0
Female,0,0,0,2,1,0.0,Fiber optic,0.0,0.0,0.0,0.0,0.0,0.0,Month-to-month,0,Bank transfer (automatic),70.0,153.05,1.0
Female,0,0,0,67,1,1.0,No,0.0,0.0,0.0,0.0,0.0,0.0,Two year,1,Bank transfer (automatic),25.6,1790.35,0.0
Female,0,1,1,71,1,1.0,No,0.0,0.0,0.0,0.0,0.0,0.0,Two year,0,Credit card (automatic),23.9,1663.5,0.0
Female,0,1,1,48,1,0.0,DSL,1.0,1.0,1.0,0.0,0.0,1.0,Two year,1,Credit card (automatic),70.1,3238.4,0.0
Female,0,1,1,41,1,1.0,Fiber optic,1.0,1.0,1.0,0.0,0.0,1.0,One year,1,Bank transfer (automatic),101.6,3930.55,0.0
Male,0,0,0,2,1,0.0,No,0.0,0.0,0.0,0.0,0.0,0.0,Month-to-month,1,Electronic check,19.65,31.2,0.0
Male,1,0,0,19,1,0.0,Fiber optic,1.0,0.0,0.0,0.0,0.0,1.0,Month-to-month,1,Electronic check,87.3,1637.3,0.0
Female,1,0,0,15,1,0.0,Fiber optic,1.0,0.0,1.0,1.0,0.0,1.0,Month-to-month,1,Mailed check,96.3,1426.75,1.0
Male,0,0,0,61,1,1.0,Fiber optic,1.0,0.0,1.0,0.0,1.0,1.0,One year,0,Electronic check,104.0,6363.45,0.0
Female,1,1,0,37,1,0.0,No,0.0,0.0,0.0,0.0,0.0,0.0,One year,0,Mailed check,19.6,727.8,0.0
Male,0,0,0,9,1,0.0,No,0.0,0.0,0.0,0.0,0.0,0.0,One year,1,Electronic check,19.9,164.6,0.0
Female,0,1,1,25,1,0.0,No,0.0,0.0,0.0,0.0,0.0,0.0,Two year,1,Mailed check,18.7,383.65,0.0
Female,0,1,1,30,1,0.0,DSL,0.0,0.0,1.0,1.0,1.0,0.0,One year,1,Electronic check,64.5,1985.15,0.0
Female,0,1,0,12,1,0.0,No,0.0,0.0,0.0,0.0,0.0,0.0,Two year,1,Electronic check,20.05,264.55,0.0
Male,0,0,0,9,1,1.0,Fiber optic,1.0,0.0,0.0,0.0,0.0,0.0,Month-to-month,1,Electronic check,81.15,784.45,0.0
Female,0,1,0,72,1,1.0,Fiber optic,1.0,1.0,1.0,1.0,0.0,0.0,Two year,1,Bank transfer (automatic),94.25,6849.75,0.0
Male,0,1,1,54,0,0.0,DSL,0.0,0.0,1.0,1.0,0.0,1.0,Two year,0,Credit card (automatic),46.0,2424.05,0.0
Male,0,0,0,17,0,0.0,DSL,0.0,0.0,0.0,0.0,0.0,0.0,Month-to-month,0,Credit card (automatic),25.1,382.8,0.0
Male,0,0,1,9,1,0.0,DSL,0.0,0.0,0.0,0.0,1.0,0.0,Month-to-month,0,Electronic check,55.35,449.75,1.0
Female,1,1,0,72,1,1.0,Fiber optic,1.0,0.0,1.0,1.0,1.0,1.0,Two year,1,Mailed check,109.75,8075.35,0.0
Male,0,0,0,54,1,1.0,Fiber optic,0.0,0.0,1.0,0.0,0.0,1.0,Month-to-month,0,Credit card (automatic),89.4,4869.5,0.0
Male,0,1,1,68,1,0.0,Fiber optic,0.0,1.0,1.0,1.0,1.0,1.0,One year,0,Credit card (automatic),105.75,7322.5,0.0
Male,0,0,1,11,1,1.0,Fiber optic,0.0,0.0,0.0,0.0,0.0,1.0,Month-to-month,0,Electronic check,86.2,893.2,0.0
Male,0,0,0,1,1,0.0,No,0.0,0.0,0.0,0.0,0.0,0.0,Month-to-month,0,Electronic check,19.95,19.95,1.0
Male,0,0,0,5,1,0.0,No,0.0,0.0,0.0,0.0,0.0,0.0,Month-to-month,0,Credit card (automatic),20.05,95.55,0.0
Male,1,0,0,15,1,1.0,Fiber optic,0.0,1.0,0.0,0.0,0.0,0.0,Month-to-month,1,Electronic check,80.2,1217.25,1.0
Female,0,0,0,1,1,0.0,Fiber optic,0.0,0.0,1.0,0.0,0.0,0.0,Month-to-month,0,Electronic check,75.3,75.3,1.0
Male,1,1,0,47,1,1.0,Fiber optic,0.0,0.0,1.0,0.0,1.0,1.0,Month-to-month,1,Electronic check,100.05,4871.05,1.0
Male,0,0,0,5,1,0.0,No,0.0,0.0,0.0,0.0,0.0,0.0,Month-to-month,0,Credit card (automatic),20.05,95.55,0.0
Female,0,0,0,13,1,1.0,Fiber optic,1.0,1.0,0.0,0.0,1.0,0.0,Month-to-month,1,Electronic check,96.65,1244.5,1.0
Female,1,0,0,53,1,0.0,Fiber optic,0.0,1.0,0.0,0.0,0.0,0.0,Month-to-month,1,Credit card (automatic),73.8,4003.85,0.0
Male,1,0,0,11,1,0.0,Fiber optic,0.0,0.0,0.0,0.0,0.0,1.0,Month-to-month,1,Credit card (automatic),79.15,827.7,0.0
Female,0,1,1,70,0,0.0,DSL,0.0,1.0,1.0,1.0,1.0,1.0,One year,1,Bank transfer (automatic),58.4,4113.15,0.0
Male,0,1,0,3,0,0.0,DSL,0.0,0.0,0.0,0.0,0.0,0.0,Month-to-month,0,Mailed check,25.0,78.25,0.0
Male,0,0,0,18,1,0.0,Fiber optic,0.0,1.0,1.0,0.0,1.0,1.0,Month-to-month,0,Credit card (automatic),101.3,1794.65,0.0
Female,1,0,0,1,1,0.0,Fiber optic,0.0,0.0,1.0,0.0,0.0,1.0,Month-to-month,1,Electronic check,85.0,85.0,1.0
Male,0,1,1,21,1,1.0,Fiber optic,0.0,1.0,1.0,0.0,1.0,1.0,Month-to-month,0,Electronic check,104.4,2157.95,1.0
Female,0,1,0,64,1,0.0,Fiber optic,1.0,0.0,0.0,1.0,1.0,1.0,One year,1,Mailed check,96.9,6314.35,0.0
Female,0,0,0,5,1,0.0,Fiber optic,0.0,0.0,0.0,0.0,1.0,0.0,Month-to-month,1,Credit card (automatic),81.0,389.6,1.0
Female,0,0,1,50,1,0.0,DSL,1.0,0.0,1.0,1.0,1.0,0.0,One year,1,Credit card (automatic),70.8,3478.15,0.0
Male,0,0,0,23,1,1.0,Fiber optic,0.0,0.0,1.0,1.0,1.0,1.0,Month-to-month,1,Mailed check,104.05,2470.1,1.0
Male,0,1,1,72,1,1.0,Fiber optic,1.0,0.0,1.0,0.0,1.0,1.0,Two year,0,Bank transfer (automatic),105.25,7609.75,0.0
Male,0,0,0,26,1,0.0,DSL,0.0,0.0,0.0,0.0,0.0,0.0,Month-to-month,0,Electronic check,45.45,1233.15,0.0
Male,0,1,0,37,1,1.0,Fiber optic,0.0,0.0,1.0,1.0,1.0,0.0,Two year,0,Mailed check,94.3,3460.95,0.0
Male,1,1,1,29,1,1.0,Fiber optic,0.0,0.0,1.0,0.0,1.0,1.0,Month-to-month,1,Electronic check,103.95,2964.8,0.0
Male,0,0,0,13,0,0.0,DSL,0.0,0.0,0.0,0.0,0.0,0.0,Month-to-month,1,Bank transfer (automatic),25.15,331.85,0.0
Male,0,0,0,1,1,0.0,No,0.0,0.0,0.0,0.0,0.0,0.0,Month-to-month,1,Mailed check,20.25,20.25,0.0
Female,0,0,1,12,1,1.0,Fiber optic,0.0,0.0,0.0,0.0,0.0,0.0,Month-to-month,1,Electronic check,76.6,893.0,0.0
Female,0,0,0,11,1,0.0,DSL,0.0,0.0,0.0,0.0,0.0,0.0,Month-to-month,1,Mailed check,44.65,472.25,0.0
Male,0,1,0,50,1,1.0,Fiber optic,0.0,0.0,0.0,1.0,1.0,1.0,One year,0,Electronic check,99.4,5059.75,0.0
Female,0,0,0,70,1,1.0,Fiber optic,1.0,1.0,1.0,0.0,1.0,1.0,Two year,1,Mailed check,111.15,7737.55,0.0
Male,0,1,1,40,1,1.0,No,0.0,0.0,0.0,0.0,0.0,0.0,Two year,0,Credit card (automatic),25.25,1006.9,0.0
Male,0,0,0,10,1,0.0,DSL,1.0,0.0,0.0,0.0,0.0,0.0,Month-to-month,1,Mailed check,51.65,524.5,0.0
Female,1,0,0,1,1,0.0,Fiber optic,0.0,0.0,0.0,0.0,0.0,0.0,Month-to-month,1,Electronic check,70.2,70.2,0.0
Male,0,0,0,1,1,0.0,DSL,0.0,0.0,0.0,0.0,0.0,0.0,Month-to-month,1,Electronic check,45.6,45.6,1.0
Male,0,0,0,41,1,1.0,Fiber optic,0.0,1.0,0.0,0.0,1.0,0.0,Month-to-month,1,Electronic check,89.2,3645.75,0.0
Male,1,0,0,1,1,1.0,Fiber optic,0.0,0.0,0.0,0.0,0.0,0.0,Month-to-month,1,Electronic check,74.4,74.4,1.0
Female,0,1,0,52,0,0.0,DSL,1.0,1.0,1.0,1.0,1.0,1.0,Two year,0,Credit card (automatic),66.25,3330.1,0.0
Male,1,0,0,70,0,0.0,DSL,0.0,0.0,0.0,0.0,1.0,1.0,One year,1,Electronic check,45.25,3264.45,1.0
Male,0,0,0,1,1,0.0,No,0.0,0.0,0.0,0.0,0.0,0.0,Month-to-month,0,Credit card (automatic),20.55,20.55,0.0
Male,0,0,0,1,1,0.0,No,0.0,0.0,0.0,0.0,0.0,0.0,Month-to-month,0,Electronic check,20.65,20.65,0.0
Male,1,1,0,71,0,0.0,DSL,0.0,1.0,1.0,0.0,1.0,1.0,Month-to-month,1,Bank transfer (automatic),52.3,3765.05,0.0
Female,1,0,0,2,1,0.0,Fiber optic,0.0,0.0,0.0,0.0,0.0,0.0,Month-to-month,0,Electronic check,70.75,154.85,1.0
Female,0,1,0,24,1,1.0,Fiber optic,0.0,0.0,0.0,0.0,0.0,0.0,Month-to-month,1,Credit card (automatic),75.4,1747.85,1.0
Male,0,0,0,13,0,0.0,DSL,0.0,0.0,0.0,0.0,0.0,0.0,Month-to-month,1,Bank transfer (automatic),25.15,331.85,0.0
Male,0,1,0,8,1,0.0,Fiber optic,1.0,0.0,0.0,0.0,0.0,0.0,Month-to-month,1,Electronic check,74.5,609.9,1.0
Male,0,0,0,45,1,1.0,Fiber optic,0.0,1.0,0.0,0.0,1.0,1.0,Month-to-month,1,Credit card (automatic),100.85,4740.0,1.0
Male,0,1,1,70,1,1.0,No,0.0,0.0,0.0,0.0,0.0,0.0,Two year,0,Mailed check,25.35,1715.15,0.0
Male,0,1,1,67,1,0.0,Fiber optic,0.0,1.0,1.0,1.0,1.0,1.0,Two year,0,Bank transfer (automatic),103.15,6895.5,0.0
Male,0,1,0,44,1,1.0,Fiber optic,1.0,0.0,1.0,0.0,0.0,0.0,Month-to-month,1,Credit card (automatic),84.8,3626.35,0.0
Male,0,0,0,1,1,0.0,No,0.0,0.0,0.0,0.0,0.0,0.0,Month-to-month,0,Mailed check,20.35,20.35,0.0
Female,0,0,0,9,1,0.0,Fiber optic,0.0,0.0,0.0,0.0,1.0,0.0,Month-to-month,1,Bank transfer (automatic),77.65,714.15,1.0
Female,0,1,0,58,0,0.0,DSL,1.0,1.0,0.0,0.0,1.0,0.0,One year,1,Electronic check,45.35,2540.1,0.0
Male,0,1,0,22,1,0.0,Fiber optic,1.0,1.0,0.0,1.0,1.0,1.0,Month-to-month,1,Electronic check,104.6,2180.55,0.0
Female,1,1,0,50,1,1.0,Fiber optic,0.0,1.0,0.0,0.0,1.0,0.0,Month-to-month,1,Electronic check,88.05,4367.35,1.0
Female,0,0,0,18,1,1.0,Fiber optic,0.0,0.0,0.0,1.0,1.0,1.0,Month-to-month,1,Bank transfer (automatic),99.85,1776.95,1.0
Female,0,1,1,18,1,0.0,No,0.0,0.0,0.0,0.0,0.0,0.0,Two year,0,Mailed check,19.35,309.25,0.0
Female,0,0,0,46,1,1.0,Fiber optic,1.0,1.0,0.0,0.0,0.0,0.0,Month-to-month,0,Mailed check,84.25,3847.6,0.0
Female,0,1,0,72,0,0.0,DSL,0.0,1.0,1.0,0.0,1.0,1.0,Two year,1,Electronic check,54.2,3937.45,1.0
Female,0,0,0,1,0,0.0,DSL,0.0,0.0,0.0,0.0,0.0,0.0,One year,0,Mailed check,25.85,25.85,0.0
Male,0,1,1,65,1,1.0,DSL,1.0,1.0,1.0,0.0,0.0,1.0,One year,0,Credit card (automatic),72.45,4653.85,1.0
Male,0,0,0,5,1,1.0,Fiber optic,0.0,1.0,1.0,0.0,0.0,1.0,Month-to-month,0,Electronic check,96.55,500.1,0.0
Female,0,0,0,3,1,0.0,DSL,0.0,0.0,0.0,0.0,0.0,0.0,Month-to-month,0,Electronic check,44.6,122.7,0.0
Female,0,1,1,57,1,0.0,No,0.0,0.0,0.0,0.0,0.0,0.0,Two year,0,Bank transfer (automatic),19.75,1272.05,0.0
Male,0,1,0,10,1,0.0,DSL,1.0,0.0,0.0,1.0,0.0,0.0,Month-to-month,1,Credit card (automatic),54.95,568.85,0.0
Male,0,0,0,44,1,0.0,Fiber optic,0.0,0.0,1.0,1.0,1.0,1.0,Two year,0,Bank transfer (automatic),100.1,4378.35,0.0
Male,1,1,0,34,1,1.0,Fiber optic,0.0,0.0,0.0,0.0,0.0,0.0,Month-to-month,1,Electronic check,75.55,2425.4,0.0
Male,0,0,0,7,1,1.0,Fiber optic,0.0,0.0,0.0,0.0,0.0,1.0,Month-to-month,1,Electronic check,86.8,620.35,1.0
Male,0,1,1,70,1,1.0,Fiber optic,1.0,1.0,1.0,1.0,1.0,1.0,Two year,0,Credit card (automatic),114.75,7842.3,0.0
Male,1,1,0,46,0,0.0,DSL,0.0,1.0,1.0,1.0,1.0,1.0,One year,1,Bank transfer (automatic),59.9,2816.65,1.0
Female,0,1,0,71,1,1.0,No,0.0,0.0,0.0,0.0,0.0,0.0,Two year,0,Credit card (automatic),25.6,1888.25,0.0
Male,0,1,1,38,1,0.0,DSL,1.0,1.0,1.0,1.0,1.0,0.0,One year,0,Electronic check,74.05,2802.3,0.0
Female,0,0,0,6,1,1.0,Fiber optic,0.0,1.0,0.0,0.0,1.0,0.0,Month-to-month,1,Electronic check,89.75,552.65,0.0
Male,1,1,0,7,1,1.0,Fiber optic,0.0,0.0,1.0,0.0,1.0,1.0,Month-to-month,1,Electronic check,101.95,700.85,1.0
Female,1,0,0,4,1,1.0,Fiber optic,0.0,0.0,1.0,0.0,0.0,1.0,Month-to-month,1,Electronic check,88.85,372.45,1.0
Female,0,1,1,70,1,0.0,No,0.0,0.0,0.0,0.0,0.0,0.0,Two year,1,Mailed check,19.2,1401.4,0.0
Male,0,1,0,31,1,0.0,DSL,1.0,1.0,1.0,1.0,0.0,1.0,One year,1,Credit card (automatic),75.5,2424.45,0.0
Male,1,1,0,7,1,1.0,Fiber optic,0.0,0.0,0.0,0.0,0.0,0.0,Month-to-month,1,Electronic check,75.4,533.05,0.0
Female,0,0,0,12,1,0.0,No,0.0,0.0,0.0,0.0,0.0,0.0,Month-to-month,0,Mailed check,20.1,223.6,0.0
Female,0,0,0,30,1,0.0,DSL,1.0,0.0,0.0,0.0,0.0,0.0,Month-to-month,1,Mailed check,48.8,1536.75,0.0
Female,0,0,0,21,1,1.0,Fiber optic,0.0,0.0,0.0,0.0,1.0,1.0,Month-to-month,1,Electronic check,97.35,2119.5,1.0
Male,0,0,0,6,1,0.0,No,0.0,0.0,0.0,0.0,0.0,0.0,One year,0,Mailed check,20.6,116.6,0.0
Male,1,1,0,47,1,1.0,Fiber optic,0.0,0.0,1.0,0.0,1.0,1.0,Month-to-month,1,Electronic check,100.05,4871.05,1.0
Female,0,0,0,62,0,0.0,DSL,0.0,1.0,1.0,0.0,0.0,1.0,Two year,1,Credit card (automatic),43.6,2748.7,0.0
Male,0,1,1,2,1,1.0,DSL,1.0,0.0,0.0,0.0,0.0,0.0,Month-to-month,0,Mailed check,56.7,113.55,1.0
Female,0,0,0,1,1,0.0,Fiber optic,0.0,1.0,0.0,0.0,0.0,0.0,Month-to-month,0,Electronic check,74.35,74.35,0.0
Male,1,1,0,54,0,0.0,DSL,0.0,0.0,0.0,0.0,0.0,0.0,Month-to-month,1,Bank transfer (automatic),24.95,1364.75,0.0
Male,0,0,0,44,1,0.0,Fiber optic,0.0,1.0,0.0,1.0,1.0,1.0,Month-to-month,0,Electronic check,100.55,4398.15,1.0
Male,0,1,1,1,1,0.0,Fiber optic,0.0,0.0,0.0,0.0,1.0,1.0,Month-to-month,1,Electronic check,90.1,90.1,0.0
Male,0,0,0,24,1,0.0,DSL,1.0,0.0,0.0,0.0,0.0,0.0,Month-to-month,1,Electronic check,51.15,1275.7,0.0
Male,0,1,1,39,1,0.0,DSL,1.0,1.0,1.0,0.0,0.0,0.0,One year,0,Electronic check,59.8,2343.85,0.0
Female,0,0,0,28,0,0.0,DSL,0.0,0.0,1.0,1.0,0.0,0.0,Month-to-month,1,Mailed check,35.75,961.4,0.0
Male,0,1,1,65,1,1.0,DSL,1.0,1.0,1.0,0.0,0.0,1.0,One year,0,Credit card (automatic),72.45,4653.85,1.0
Female,0,1,1,40,1,1.0,Fiber optic,0.0,1.0,1.0,0.0,1.0,0.0,Month-to-month,1,Credit card (automatic),96.35,3915.4,0.0
Male,0,1,1,70,1,1.0,Fiber optic,0.0,1.0,0.0,0.0,1.0,1.0,Two year,0,Bank transfer (automatic),98.3,6859.5,1.0
Male,1,0,0,68,1,1.0,Fiber optic,0.0,1.0,1.0,0.0,0.0,1.0,Month-to-month,1,Electronic check,95.9,6503.2,0.0
Female,0,0,0,69,1,1.0,DSL,1.0,1.0,0.0,1.0,0.0,0.0,Two year,1,Mailed check,66.9,4577.9,0.0
Male,0,0,1,30,0,0.0,DSL,0.0,0.0,0.0,0.0,1.0,1.0,Month-to-month,1,Electronic check,44.5,1307.8,0.0
Male,0,0,0,33,1,0.0,Fiber optic,0.0,1.0,1.0,0.0,0.0,0.0,Month-to-month,1,Credit card (automatic),79.0,2576.8,0.0
Male,0,0,0,5,1,0.0,No,0.0,0.0,0.0,0.0,0.0,0.0,Month-to-month,1,Mailed check,19.25,86.05,0.0
Female,0,1,1,61,1,1.0,No,0.0,0.0,0.0,0.0,0.0,0.0,Two year,1,Mailed check,24.2,1445.2,0.0
Female,0,1,1,36,1,1.0,Fiber optic,0.0,1.0,1.0,0.0,1.0,0.0,Month-to-month,1,Bank transfer (automatic),97.35,3457.9,1.0
Female,0,0,0,69,1,0.0,DSL,1.0,0.0,1.0,1.0,1.0,1.0,Two year,1,Credit card (automatic),82.45,5555.3,0.0
Male,0,1,1,34,1,1.0,Fiber optic,0.0,0.0,1.0,0.0,0.0,1.0,Month-to-month,1,Credit card (automatic),90.05,3097.0,0.0
Female,1,1,1,12,0,0.0,DSL,0.0,0.0,0.0,1.0,0.0,0.0,Month-to-month,1,Mailed check,29.3,355.9,0.0
Male,1,1,0,16,1,1.0,Fiber optic,0.0,0.0,1.0,0.0,1.0,1.0,Month-to-month,1,Electronic check,98.75,1587.55,1.0
Female,0,1,0,53,1,1.0,Fiber optic,0.0,1.0,1.0,1.0,1.0,1.0,One year,1,Bank transfer (automatic),108.95,5718.2,0.0
Female,0,0,0,3,1,0.0,Fiber optic,1.0,0.0,0.0,0.0,0.0,0.0,Month-to-month,1,Electronic check,74.55,233.65,0.0
Male,0,1,1,60,1,0.0,No,0.0,0.0,0.0,0.0,0.0,0.0,Two year,1,Bank transfer (automatic),20.95,1270.55,0.0
Male,0,0,0,19,0,0.0,DSL,0.0,0.0,1.0,0.0,1.0,0.0,Month-to-month,1,Electronic check,39.65,733.35,1.0
Female,0,0,1,41,1,0.0,DSL,0.0,0.0,0.0,0.0,0.0,0.0,Month-to-month,0,Bank transfer (automatic),45.2,1841.9,0.0
Male,0,0,0,15,1,1.0,Fiber optic,0.0,0.0,0.0,0.0,0.0,0.0,Month-to-month,1,Mailed check,76.0,1130.85,1.0
Female,0,1,1,21,1,0.0,DSL,0.0,0.0,0.0,0.0,0.0,0.0,Month-to-month,1,Electronic check,44.95,926.25,0.0
Female,0,0,0,33,1,1.0,Fiber optic,0.0,1.0,0.0,0.0,1.0,1.0,Month-to-month,1,Electronic check,100.0,3320.6,0.0
Male,1,1,1,64,1,1.0,No,0.0,0.0,0.0,0.0,0.0,0.0,Two year,1,Bank transfer (automatic),24.4,1548.65,0.0
Female,0,1,0,42,1,1.0,DSL,0.0,0.0,0.0,0.0,0.0,0.0,Month-to-month,1,Electronic check,50.25,2203.65,1.0
Female,1,0,0,67,1,1.0,DSL,0.0,1.0,0.0,0.0,0.0,0.0,Month-to-month,0,Electronic check,54.9,3725.5,0.0
Male,1,1,0,13,1,0.0,Fiber optic,0.0,0.0,0.0,0.0,0.0,0.0,Month-to-month,0,Bank transfer (automatic),70.45,849.1,0.0
Male,0,1,0,63,1,0.0,No,0.0,0.0,0.0,0.0,0.0,0.0,Two year,1,Bank transfer (automatic),19.95,1234.8,0.0
Female,0,1,1,55,1,1.0,DSL,1.0,0.0,1.0,1.0,1.0,1.0,Two year,1,Bank transfer (automatic),85.1,4657.95,0.0
Female,1,1,0,6,1,1.0,Fiber optic,0.0,0.0,0.0,0.0,0.0,1.0,Month-to-month,1,Electronic check,84.35,474.9,1.0
Female,1,0,0,50,1,1.0,Fiber optic,0.0,0.0,1.0,1.0,1.0,1.0,Month-to-month,1,Electronic check,104.95,5222.35,0.0
Female,0,0,0,46,1,1.0,Fiber optic,1.0,1.0,0.0,0.0,0.0,0.0,Month-to-month,0,Mailed check,84.25,3847.6,0.0
Female,0,0,0,43,0,0.0,DSL,0.0,0.0,1.0,0.0,1.0,1.0,Month-to-month,1,Bank transfer (automatic),49.05,2076.2,1.0
Male,0,0,0,1,1,0.0,DSL,0.0,0.0,0.0,0.0,0.0,0.0,Month-to-month,1,Electronic check,45.6,45.6,1.0
Female,0,0,0,31,1,1.0,Fiber optic,0.0,0.0,0.0,0.0,0.0,0.0,Month-to-month,1,Electronic check,76.05,2227.8,0.0
Male,0,1,1,61,1,1.0,Fiber optic,0.0,0.0,1.0,0.0,1.0,1.0,One year,1,Electronic check,99.9,6241.35,0.0
Female,0,1,0,63,1,1.0,Fiber optic,0.0,1.0,1.0,1.0,1.0,1.0,Two year,1,Bank transfer (automatic),109.25,6841.4,0.0
Male,0,1,0,53,0,0.0,DSL,0.0,1.0,1.0,1.0,1.0,1.0,One year,1,Electronic check,60.45,3184.25,1.0
Male,0,1,1,1,1,0.0,Fiber optic,0.0,0.0,0.0,0.0,0.0,0.0,Month-to-month,1,Mailed check,69.9,69.9,1.0
Female,0,1,1,32,1,1.0,Fiber optic,0.0,0.0,1.0,0.0,0.0,1.0,Month-to-month,1,Bank transfer (automatic),91.05,2954.5,1.0
Male,0,1,0,64,1,1.0,DSL,0.0,1.0,0.0,1.0,0.0,1.0,One year,1,Mailed check,70.15,4480.7,0.0
Male,0,0,0,35,1,0.0,No,0.0,0.0,0.0,0.0,0.0,0.0,Two year,0,Bank transfer (automatic),21.45,705.45,0.0
Male,0,0,0,4,1,0.0,DSL,0.0,0.0,0.0,0.0,0.0,1.0,Month-to-month,0,Electronic check,54.3,195.3,1.0
Male,0,1,1,68,1,0.0,DSL,1.0,1.0,1.0,1.0,0.0,0.0,Two year,0,Credit card (automatic),62.65,4375.8,0.0
Female,0,1,1,61,1,0.0,No,0.0,0.0,0.0,0.0,0.0,0.0,Two year,0,Credit card (automatic),19.75,1311.6,0.0
Male,0,1,0,44,1,0.0,DSL,1.0,1.0,0.0,1.0,0.0,0.0,One year,1,Bank transfer (automatic),59.85,2603.95,0.0
Female,1,0,0,46,1,0.0,Fiber optic,0.0,1.0,1.0,0.0,1.0,0.0,One year,1,Bank transfer (automatic),91.3,4126.35,0.0
Male,0,0,0,46,0,0.0,DSL,0.0,0.0,1.0,1.0,0.0,0.0,One year,0,Credit card (automatic),33.7,1537.85,0.0
Female,0,1,1,33,1,1.0,No,0.0,0.0,0.0,0.0,0.0,0.0,Two year,1,Mailed check,24.5,740.3,1.0
Male,0,0,0,19,0,0.0,DSL,0.0,0.0,1.0,0.0,1.0,0.0,Month-to-month,1,Electronic check,39.65,733.35,1.0
Male,0,0,1,71,1,0.0,DSL,1.0,1.0,1.0,1.0,1.0,0.0,Two year,1,Credit card (automatic),76.9,5522.7,0.0
Male,0,1,1,7,1,0.0,Fiber optic,0.0,1.0,0.0,1.0,1.0,0.0,Month-to-month,1,Electronic check,89.75,608.8,1.0
Female,1,1,0,29,1,1.0,Fiber optic,0.0,0.0,1.0,0.0,1.0,1.0,Month-to-month,1,Bank transfer (automatic),99.05,2952.85,1.0
Female,0,1,1,49,1,1.0,Fiber optic,0.0,1.0,1.0,1.0,1.0,1.0,Two year,1,Bank transfer (automatic),107.95,5293.2,1.0
Male,0,0,0,1,1,0.0,Fiber optic,0.0,0.0,0.0,0.0,0.0,0.0,Month-to-month,1,Electronic check,69.65,69.65,1.0
Female,0,0,0,41,1,0.0,No,0.0,0.0,0.0,0.0,0.0,0.0,Month-to-month,0,Electronic check,20.45,775.6,0.0
Male,0,1,1,43,1,1.0,No,0.0,0.0,0.0,0.0,0.0,0.0,Two year,0,Mailed check,24.25,1077.95,0.0
Female,0,0,0,1,1,0.0,Fiber optic,0.0,0.0,1.0,0.0,0.0,0.0,Month-to-month,0,Electronic check,75.3,75.3,1.0
Male,0,0,0,2,1,0.0,No,0.0,0.0,0.0,0.0,0.0,0.0,Month-to-month,0,Mailed check,20.75,44.2,0.0
Female,1,0,0,14,1,1.0,Fiber optic,0.0,1.0,0.0,0.0,0.0,0.0,Month-to-month,1,Electronic check,78.95,1101.85,1.0
Female,0,0,0,16,1,0.0,Fiber optic,0.0,1.0,1.0,0.0,0.0,1.0,Month-to-month,1,Credit card (automatic),93.2,1573.7,1.0
Male,0,0,0,72,1,1.0,Fiber optic,0.0,1.0,1.0,0.0,1.0,1.0,One year,1,Electronic check,104.95,7544.3,0.0
Male,1,0,0,2,1,1.0,Fiber optic,0.0,0.0,0.0,0.0,0.0,0.0,Month-to-month,1,Mailed check,72.6,154.3,0.0
Male,0,1,0,44,1,0.0,Fiber optic,0.0,0.0,0.0,0.0,1.0,1.0,One year,1,Bank transfer (automatic),90.65,3974.15,0.0
Male,0,1,0,7,0,0.0,DSL,1.0,1.0,0.0,0.0,0.0,0.0,Month-to-month,0,Mailed check,34.2,256.6,0.0
Male,0,0,1,3,1,0.0,Fiber optic,0.0,0.0,0.0,0.0,0.0,0.0,Month-to-month,0,Electronic check,69.65,220.1,1.0
Female,0,0,1,12,1,0.0,DSL,0.0,0.0,0.0,0.0,0.0,0.0,Month-to-month,1,Electronic check,44.55,480.6,1.0
Female,0,1,1,54,1,1.0,No,0.0,0.0,0.0,0.0,0.0,0.0,One year,1,Bank transfer (automatic),24.75,1342.15,0.0
Male,1,1,0,72,1,1.0,Fiber optic,0.0,1.0,1.0,1.0,1.0,1.0,Two year,0,Credit card (automatic),109.7,7898.45,0.0
Female,0,0,1,34,1,0.0,Fiber optic,1.0,1.0,1.0,0.0,1.0,1.0,Month-to-month,1,Bank transfer (automatic),105.35,3688.6,0.0
Male,0,0,1,23,1,0.0,DSL,0.0,1.0,0.0,1.0,0.0,0.0,Month-to-month,0,Electronic check,54.15,1312.45,0.0
Female,1,0,0,1,1,1.0,Fiber optic,0.0,0.0,0.0,0.0,0.0,0.0,Month-to-month,1,Mailed check,74.45,74.45,1.0
Female,1,1,0,53,1,0.0,Fiber optic,0.0,1.0,1.0,1.0,1.0,0.0,One year,1,Electronic check,94.0,4871.45,0.0
Female,0,1,1,7,1,0.0,Fiber optic,0.0,0.0,0.0,0.0,0.0,0.0,Month-to-month,1,Electronic check,69.0,506.9,1.0
Male,1,1,0,37,1,1.0,Fiber optic,0.0,0.0,0.0,0.0,1.0,1.0,Month-to-month,1,Electronic check,92.5,3473.4,1.0
Female,0,0,0,16,1,0.0,DSL,1.0,0.0,0.0,0.0,0.0,0.0,Month-to-month,1,Electronic check,50.15,762.25,1.0
Female,0,1,1,16,1,0.0,DSL,1.0,1.0,0.0,1.0,0.0,1.0,Two year,0,Bank transfer (automatic),68.25,1114.85,0.0
Male,1,1,0,40,1,1.0,Fiber optic,1.0,0.0,0.0,0.0,1.0,1.0,Month-to-month,0,Electronic check,101.85,4086.3,1.0
Male,0,0,1,44,1,0.0,No,0.0,0.0,0.0,0.0,0.0,0.0,Two year,0,Bank transfer (automatic),19.55,819.95,0.0
Male,0,0,0,22,1,0.0,DSL,0.0,1.0,0.0,1.0,0.0,0.0,One year,1,Credit card (automatic),55.15,1193.05,1.0
Female,0,0,0,62,1,1.0,Fiber optic,0.0,0.0,0.0,0.0,1.0,1.0,One year,1,Bank transfer (automatic),94.0,5757.2,0.0
Female,0,1,0,4,0,0.0,DSL,1.0,0.0,0.0,0.0,0.0,0.0,Month-to-month,1,Electronic check,29.05,129.6,0.0
Male,0,1,1,53,1,1.0,DSL,1.0,1.0,0.0,1.0,0.0,0.0,One year,0,Bank transfer (automatic),64.15,3491.55,0.0
Female,0,1,0,71,0,0.0,DSL,0.0,0.0,1.0,1.0,0.0,1.0,Two year,1,Electronic check,47.05,3263.6,0.0
Female,1,1,0,1,1,1.0,Fiber optic,0.0,1.0,0.0,0.0,1.0,0.0,Month-to-month,1,Electronic check,90.6,90.6,1.0
Male,0,1,1,23,1,1.0,No,0.0,0.0,0.0,0.0,0.0,0.0,One year,0,Mailed check,24.35,538.5,0.0
Male,0,0,0,9,1,1.0,Fiber optic,1.0,0.0,0.0,0.0,0.0,0.0,Month-to-month,1,Electronic check,81.15,784.45,0.0
Female,0,0,0,1,1,0.0,Fiber optic,0.0,0.0,0.0,0.0,0.0,0.0,Month-to-month,1,Mailed check,70.15,70.15,1.0
Female,0,1,0,48,1,1.0,Fiber optic,0.0,1.0,0.0,1.0,1.0,1.0,Month-to-month,1,Credit card (automatic),105.1,5083.55,0.0
Female,0,0,0,41,1,0.0,No,0.0,0.0,0.0,0.0,0.0,0.0,Month-to-month,0,Electronic check,20.45,775.6,0.0
Male,0,0,0,16,1,0.0,No,0.0,0.0,0.0,0.0,0.0,0.0,Month-to-month,0,Mailed check,20.0,275.7,0.0
Female,0,1,0,7,1,0.0,Fiber optic,0.0,0.0,0.0,0.0,0.0,0.0,Month-to-month,1,Bank transfer (automatic),69.2,477.55,0.0
Female,0,1,1,9,1,1.0,DSL,0.0,1.0,0.0,0.0,0.0,0.0,Month-to-month,1,Mailed check,55.3,501.2,0.0
Male,0,1,1,6,1,0.0,DSL,0.0,1.0,1.0,0.0,0.0,0.0,Month-to-month,1,Mailed check,55.3,324.25,1.0
Female,0,1,1,38,1,0.0,No,0.0,0.0,0.0,0.0,0.0,0.0,One year,0,Credit card (automatic),19.6,763.1,0.0
Male,0,1,0,61,1,1.0,Fiber optic,1.0,1.0,0.0,0.0,1.0,1.0,Month-to-month,1,Electronic check,106.2,6375.2,0.0
Female,0,1,1,59,1,1.0,Fiber optic,0.0,1.0,1.0,0.0,1.0,1.0,One year,1,Electronic check,106.15,6256.2,0.0
Female,0,1,1,71,0,0.0,DSL,1.0,1.0,0.0,1.0,1.0,1.0,Two year,0,Bank transfer (automatic),59.7,4122.65,0.0
Male,0,0,0,3,1,0.0,Fiber optic,0.0,0.0,1.0,1.0,1.0,0.0,Month-to-month,1,Mailed check,89.85,244.45,0.0
Male,0,1,1,24,1,1.0,No,0.0,0.0,0.0,0.0,0.0,0.0,Two year,0,Mailed check,24.2,609.05,0.0
Female,0,0,0,68,1,1.0,Fiber optic,1.0,1.0,0.0,1.0,1.0,1.0,Two year,0,Credit card (automatic),110.25,7279.35,0.0
Female,0,1,1,39,1,0.0,DSL,0.0,0.0,1.0,0.0,1.0,0.0,Month-to-month,1,Mailed check,59.85,2341.5,0.0
Male,1,1,0,3,1,1.0,Fiber optic,0.0,1.0,1.0,0.0,1.0,1.0,Month-to-month,1,Electronic check,105.9,334.65,1.0
Female,0,1,0,18,0,0.0,DSL,0.0,0.0,1.0,0.0,1.0,0.0,Month-to-month,1,Electronic check,39.05,669.85,1.0
Male,0,1,1,5,1,1.0,Fiber optic,0.0,1.0,0.0,0.0,0.0,0.0,Month-to-month,1,Electronic check,80.15,385.0,1.0
Male,0,0,0,41,1,1.0,Fiber optic,0.0,1.0,0.0,0.0,1.0,0.0,Month-to-month,1,Electronic check,89.2,3645.75,0.0
Female,0,1,0,56,1,0.0,Fiber optic,0.0,0.0,1.0,1.0,1.0,1.0,Month-to-month,1,Electronic check,98.7,5669.5,0.0
Female,0,1,0,42,1,1.0,Fiber optic,0.0,0.0,1.0,1.0,0.0,0.0,Month-to-month,1,Credit card (automatic),85.9,3729.75,0.0
Female,0,0,0,26,1,0.0,DSL,0.0,1.0,1.0,0.0,0.0,0.0,One year,1,Mailed check,56.05,1553.2,0.0
Male,0,0,0,5,1,0.0,No,0.0,0.0,0.0,0.0,0.0,0.0,Month-to-month,0,Credit card (automatic),20.05,95.55,0.0
Male,0,0,1,1,1,1.0,Fiber optic,0.0,0.0,0.0,0.0,1.0,1.0,Month-to-month,1,Electronic check,93.3,93.3,1.0
Female,0,0,0,13,1,1.0,Fiber optic,0.0,0.0,0.0,0.0,0.0,1.0,Month-to-month,1,Electronic check,84.6,1115.2,1.0
Male,0,1,0,64,1,1.0,DSL,0.0,1.0,0.0,1.0,0.0,1.0,One year,1,Mailed check,70.15,4480.7,0.0
Female,0,1,0,33,1,0.0,No,0.0,0.0,0.0,0.0,0.0,0.0,Month-to-month,0,Mailed check,20.05,669.45,0.0
Male,1,0,0,66,1,1.0,Fiber optic,0.0,1.0,1.0,1.0,1.0,1.0,One year,0,Credit card (automatic),110.9,7432.05,1.0
Male,0,0,0,29,0,0.0,DSL,0.0,0.0,0.0,0.0,0.0,0.0,One year,1,Mailed check,24.85,788.05,0.0
Female,0,1,0,71,1,0.0,DSL,0.0,1.0,1.0,1.0,1.0,1.0,Two year,1,Credit card (automatic),80.7,5705.05,0.0
Female,0,0,0,53,1,1.0,Fiber optic,1.0,0.0,1.0,0.0,1.0,1.0,One year,1,Credit card (automatic),106.95,5785.5,1.0
Female,0,1,0,39,0,0.0,DSL,1.0,0.0,1.0,0.0,1.0,1.0,Month-to-month,0,Electronic check,55.9,2184.35,1.0
Male,0,1,1,4,1,0.0,No,0.0,0.0,0.0,0.0,0.0,0.0,Two year,0,Credit card (automatic),19.55,68.8,0.0
Female,1,0,0,26,1,0.0,Fiber optic,1.0,0.0,0.0,0.0,1.0,0.0,Month-to-month,1,Credit card (automatic),85.8,2193.65,0.0
Female,0,1,1,69,1,1.0,Fiber optic,0.0,1.0,1.0,1.0,1.0,1.0,One year,1,Bank transfer (automatic),108.75,7493.05,0.0
Female,1,1,0,72,1,1.0,No,0.0,0.0,0.0,0.0,0.0,0.0,Two year,1,Credit card (automatic),25.7,1937.4,0.0
Male,0,0,0,1,1,0.0,Fiber optic,0.0,0.0,0.0,0.0,0.0,1.0,Month-to-month,1,Electronic check,79.25,79.25,1.0
Female,0,1,1,1,1,0.0,No,0.0,0.0,0.0,0.0,0.0,0.0,Month-to-month,0,Mailed check,20.05,20.05,0.0
Female,0,1,1,71,1,0.0,DSL,1.0,0.0,1.0,0.0,1.0,1.0,Two year,0,Credit card (automatic),77.55,5574.35,0.0
Male,0,0,0,66,1,1.0,Fiber optic,0.0,1.0,0.0,0.0,0.0,1.0,Month-to-month,0,Credit card (automatic),89.4,5976.9,0.0
Male,0,1,0,19,1,1.0,Fiber optic,1.0,1.0,0.0,1.0,0.0,0.0,Month-to-month,1,Credit card (automatic),88.8,1672.35,0.0
Male,0,0,0,1,1,0.0,DSL,1.0,0.0,0.0,0.0,0.0,0.0,Month-to-month,1,Mailed check,50.7,50.7,0.0
Female,0,0,0,40,1,1.0,Fiber optic,0.0,1.0,1.0,0.0,1.0,0.0,Month-to-month,1,Bank transfer (automatic),93.4,3756.4,0.0
Female,0,1,0,44,1,1.0,Fiber optic,1.0,1.0,1.0,1.0,0.0,0.0,Month-to-month,1,Credit card (automatic),95.1,4060.55,0.0
Male,0,1,1,20,1,0.0,Fiber optic,0.0,0.0,0.0,0.0,0.0,0.0,Month-to-month,1,Electronic check,70.45,1470.95,1.0
Male,0,0,0,3,1,0.0,DSL,0.0,0.0,1.0,0.0,0.0,0.0,Month-to-month,1,Electronic check,49.15,169.05,1.0
Male,0,0,0,12,1,1.0,Fiber optic,0.0,0.0,0.0,0.0,1.0,1.0,Month-to-month,0,Electronic check,94.55,1173.55,0.0
Male,0,0,0,4,1,0.0,Fiber optic,0.0,0.0,0.0,0.0,1.0,1.0,Month-to-month,1,Electronic check,88.45,370.65,1.0
Female,0,1,0,37,1,1.0,DSL,1.0,0.0,1.0,1.0,0.0,0.0,One year,0,Credit card (automatic),68.1,2479.25,0.0
Male,0,0,0,1,1,0.0,No,0.0,0.0,0.0,0.0,0.0,0.0,Month-to-month,0,Electronic check,19.95,19.95,1.0
Male,0,1,1,15,1,0.0,No,0.0,0.0,0.0,0.0,0.0,0.0,One year,1,Mailed check,19.5,239.75,0.0
Male,0,1,1,4,1,0.0,No,0.0,0.0,0.0,0.0,0.0,0.0,Two year,0,Credit card (automatic),19.55,68.8,0.0
Female,0,0,0,72,1,1.0,Fiber optic,1.0,0.0,0.0,1.0,0.0,0.0,Two year,1,Bank transfer (automatic),84.7,6185.15,0.0
Female,0,0,0,1,1,0.0,Fiber optic,0.0,0.0,0.0,0.0,0.0,0.0,Month-to-month,1,Electronic check,70.6,70.6,1.0
Female,0,1,0,64,1,0.0,Fiber optic,1.0,0.0,1.0,0.0,1.0,1.0,Two year,1,Bank transfer (automatic),99.0,6375.8,0.0
Male,0,1,1,30,1,1.0,Fiber optic,1.0,1.0,0.0,0.0,1.0,0.0,Month-to-month,1,Electronic check,94.4,2838.7,1.0
Male,0,1,0,44,1,0.0,Fiber optic,0.0,0.0,0.0,0.0,1.0,1.0,One year,1,Bank transfer (automatic),90.65,3974.15,0.0
Male,0,1,0,42,1,1.0,Fiber optic,1.0,0.0,1.0,0.0,0.0,1.0,Month-to-month,1,Electronic check,94.4,4014.6,0.0
Male,0,0,0,67,1,0.0,DSL,1.0,0.0,1.0,0.0,0.0,1.0,Two year,0,Bank transfer (automatic),65.55,4361.55,0.0
